Date,Close,High,Low,Open,Volume
2015-01-02,24.21489715576172,24.682229515795985,23.77635716808021,24.671154616541337,212818400
2015-01-05,23.532716751098633,24.064279632140636,23.34667067211943,23.984545115494743,257142000
2015-01-06,23.534940719604492,23.794077149066176,23.173919944915667,23.596956102061053,263188400
2015-01-07,23.864946365356445,23.96461367890052,23.632387047364233,23.74312925787633,160423600
2015-01-08,24.78189468383789,24.8394811133024,24.075358755914475,24.192746932459276,237458000
2015-01-09,24.808469772338867,25.083109973520873,24.409797149823067,24.954648607400006,214798000
2015-01-12,24.19717788696289,24.94579477298944,24.097510553276788,24.939150509382685,198603200
2015-01-13,24.412015914916992,24.983446191297645,24.121871831314078,24.680011891872518,268367600
2015-01-14,24.318986892700195,24.471809973965815,24.03105650747729,24.150658281810262,195826400
2015-01-15,23.658960342407227,24.376569228265723,23.623523721888997,24.36328070679534,240056000
2015-01-16,23.475133895874023,23.82729501276512,23.300160996132067,23.705477902251076,314053200
2015-01-20,24.079790115356445,24.135161228870494,23.58809435698492,23.884882714319932,199599600
2015-01-21,24.263622283935547,24.59806258830847,23.98012076721873,24.130730261496435,194303600
2015-01-22,24.894855499267578,24.910359345032568,24.301277034591283,24.420878854689395,215185600
2015-01-23,25.023303985595703,25.193846200986393,24.702150646521368,24.87269455170364,185859200
2015-01-26,25.04988670349121,25.328957536245927,24.983442393649014,25.191636592238247,222460000
2015-01-27,24.17281150817871,24.912570412240157,24.148448084734664,24.89928019685748,382274800
2015-01-28,25.53936767578125,26.161740038857733,25.53936767578125,26.053211457485503,585908400
2015-01-29,26.334497451782227,26.39872813532269,25.59473862220585,25.763067251836308,337745600
2015-01-30,25.949115753173828,26.57813070202149,25.880454433135018,26.223755963952947,334982000
2015-02-02,26.274702072143555,26.39430388873853,25.709917687425087,26.146242363764422,250956400
2015-02-03,26.27912712097168,26.376579118011072,26.04878311832867,26.245904119570774,207662800
2015-02-04,26.480680465698242,26.691091708380142,26.203824901479106,26.24590748797394,280598800
2015-02-05,26.669689178466797,26.734173371572957,26.51626121223278,26.687476575923274,168984800
2015-02-06,26.445098876953125,26.738612055777654,26.338366040807443,26.687468849685565,174826400
2015-02-09,26.62076187133789,26.647443807587482,26.33391918142884,26.36060281413928,155559200
2015-02-10,27.132190704345703,27.161098402837805,26.718605344105995,26.720827708250635,248034000
2015-02-11,27.76813316345215,27.777027708402922,27.238920462338385,27.29895652017989,294247200
2015-02-12,28.11945915222168,28.34626580003288,27.92156019868773,28.030515402030247,297898000
2015-02-13,28.257322311401367,28.30179333867826,27.93934954663485,28.30179333867826,217088800
2015-02-17,28.424097061157227,28.657574243588314,28.221749943522113,28.348494263466083,252609600
2015-02-18,28.621994018554688,28.635334989242327,28.339597698284383,28.379622306808475,179566800
2015-02-19,28.56195831298828,28.6909266937872,28.53527636969285,28.568628798812142,149449600
2015-02-20,28.79543113708496,28.79543113708496,28.473011930350665,28.599754534742676,195793600
2015-02-23,29.573692321777344,29.573692321777344,28.8310154492011,28.91106467691681,283896400
2015-02-24,29.389129638671875,29.70710413481809,29.166771084946955,29.560346675058298,276912400
2015-02-25,28.637554168701172,29.262384500773326,28.495244842321494,29.253488259355986,298846800
2015-02-26,29.000001907348633,29.10006257703535,28.152816368187036,28.637556382320206,365150000
2015-02-27,28.564180374145508,29.033357042942402,28.515261222485382,28.90661104284422,248059200
2015-03-02,28.70426368713379,28.968870897881935,28.528601929913908,28.739841868545096,192386800
2015-03-03,28.764305114746094,28.799883300697513,28.48190877725586,28.675363042790107,151265200
2015-03-04,28.58196258544922,28.80876922521292,28.533046832678362,28.706486206344213,126665200
2015-03-05,28.108346939086914,28.628665165462678,27.96381353293991,28.59086461666674,226068400
2015-03-06,28.15059471130371,28.766527205699226,28.07499361156718,28.55083912068661,291368400
2015-03-09,28.270666122436523,28.810999167291815,27.8081599278314,28.45300006693993,354114000
2015-03-10,27.685871124267578,28.288462756363945,27.527996714069186,28.108352824362967,275426400
2015-03-11,27.18111228942871,27.743679224261488,27.15220628481303,27.739232799113434,275756000
2015-03-12,27.672517776489258,27.77258013068387,27.045466803421156,27.196670668382446,193450800
2015-03-13,27.481294631958008,27.883764794029116,27.256713699508314,27.661406225809525,207309200
2015-03-16,27.7836971282959,27.7836971282959,27.321192683806192,27.54577357347837,143497200
2015-03-17,28.248430252075195,28.31069037432514,27.93935200486218,27.994941642079787,204092400
2015-03-18,28.566404342651367,28.71983229121008,28.099451708101018,28.23953698952777,261083600
2015-03-19,28.350719451904297,28.739846973793178,28.328483932802918,28.628667681824925,183238000
2015-03-20,27.99493980407715,28.550834443294974,27.830394963725297,28.517482020323033,274780400
2015-03-23,28.28622817993164,28.428537502319035,28.13280025254547,28.266216726686977,150838800
2015-03-24,28.170610427856445,28.470792489858958,28.141702725300167,28.2906842705343,131369200
2015-03-25,27.434598922729492,28.199512923167894,27.434598922729492,28.137252796892433,206620800
2015-03-26,27.625825881958008,27.76813521878184,27.261157994289306,27.29673617672582,190291600
2015-03-27,27.405696868896484,27.72811615347539,27.330095760801022,27.69921014681444,158184800
2015-03-30,28.09944725036621,28.106117734643387,27.572456938477448,27.58357554324668,188398800
2015-03-31,27.668073654174805,28.126131711225387,27.652508623977777,28.037187954473346,168362400
2015-04-01,27.628047943115234,27.821500479076686,27.372335288856576,27.754792240066255,162485600
2015-04-02,27.8659725189209,27.91933809418971,27.614707976255076,27.801488337926436,128880400
2015-04-06,28.31735610961914,28.352934285772125,27.645834151109312,27.676964207012766,148776000
2015-04-07,28.0194034576416,28.48857847251313,28.012732972076122,28.381847310542977,140049200
2015-04-08,27.928234100341797,28.1061216224908,27.78814882176073,27.98382373895572,149316800
2015-04-09,28.14169692993164,28.14614505085262,27.719217051336283,27.983822566458237,129936000
2015-04-10,28.261768341064453,28.286227914663616,27.85262946715282,28.00605569663922,160752000
2015-04-13,28.206178665161133,28.588637297522965,28.15281309396547,28.54416287801489,145460400
2015-04-14,28.08388900756836,28.30402352421156,27.997169298088878,28.239539333182478,102098400
2015-04-15,28.19061279296875,28.268437935397202,28.019397479626157,28.108341226599048,115881600
2015-04-16,28.05497932434082,28.261772854593556,28.041638353505544,28.079438901846288,113476000
2015-04-17,27.73922348022461,28.048301666251334,27.674739310242384,27.917110962690113,207828000
2015-04-20,28.372947692871094,28.488573380415158,27.832616404650924,27.921560154702245,188217200
2015-04-21,28.219518661499023,28.50635963983635,28.166151398889546,28.484125825106876,129740400
2015-04-22,28.59975242614746,28.65534205744874,28.088328836052234,28.237308640789045,150618000
2015-04-23,28.833232879638672,29.00000179276501,28.493024568294725,28.52860275072968,183083600
2015-04-24,28.968868255615234,29.046695096238576,28.73539112666703,29.0155650385736,178103600
2015-04-27,29.495864868164062,29.602599431597344,29.16232699151122,29.420263763757543,387816800
2015-04-28,29.031131744384766,29.916117823343757,28.810998951360652,29.898332125115758,475696000
2015-04-29,28.60420036315918,29.26015732972162,28.5285992793757,28.942186269320725,253544400
2015-04-30,27.828174591064453,28.60420550349986,27.701430277592415,28.60420550349986,332781600
2015-05-01,28.67313003540039,28.93551484929317,27.861522807023945,28.0394086024176,234050400
2015-05-04,28.6175479888916,29.033360832273065,28.519709672801845,28.795435527880013,203953200
2015-05-05,27.97270393371582,28.561952684862618,27.968255813068883,28.49524444684628,197085600
2015-05-06,27.79704475402832,28.1839481830708,27.430152781583676,28.141699512749295,288564000
2015-05-07,27.96896743774414,28.152062954049143,27.692089961539004,27.859555435118466,175763600
2015-05-08,28.49593162536621,28.49593162536621,28.158767256911965,28.286040975612977,222201600
2015-05-11,28.20565414428711,28.482529943603403,28.051585348625007,28.444571508121946,168143200
2015-05-12,28.10517692565918,28.330695903089556,27.870724547028903,28.044888392389844,192640000
2015-05-13,28.136436462402344,28.39991557556274,28.10517637300595,28.167696551798738,138776800
2015-05-14,28.792905807495117,28.792905807495117,28.39322291254819,28.449044755295212,180814000
2015-05-15,28.752710342407227,28.913477492039792,28.627669983158402,28.81969722260317,152832000
2015-05-18,29.06977653503418,29.18811854124879,28.661160333406826,28.66562703376231,203531600
2015-05-19,29.042985916137695,29.223848116196663,28.946970588357917,29.18142297650986,178532800
2015-05-20,29.04075813293457,29.246182128079944,28.879990935499887,29.027361434330892,145819600
2015-05-21,29.337726593017578,29.391316786883003,28.98939885062926,29.04298904449469,158921600
2015-05-22,29.594505310058594,29.690520646920238,29.339957854955138,29.38461805280413,182384000
2015-05-26,28.9425048828125,29.67712216380999,28.83086120910056,29.607903631243715,282790400
2015-05-27,29.482860565185547,29.53198405537011,29.038520913645133,29.103272746836808,183332800
2015-05-28,29.424802780151367,29.462761215729895,29.272969037837246,29.442666174616694,122933200
2015-05-29,29.08987808227539,29.351123894449234,29.005027792013937,29.302000400834167,203538000
2015-06-01,29.147930145263672,29.337725761952687,29.038521520643027,29.08987665887506,128451200
2015-06-02,29.0184268951416,29.17472736620968,28.87552312058011,28.99609679623413,134670400
2015-06-03,29.054149627685547,29.237246894728884,29.00502613687366,29.174726707712786,123934000
2015-06-04,28.884450912475586,29.156861744311495,28.783972289246318,28.93357440064891,153800400
2015-06-05,28.72591781616211,28.95813858108162,28.661165980173738,28.915713437081244,142507200
2015-06-08,28.53612518310547,28.850961177235256,28.319536172144808,28.78173923393358,210699200
2015-06-09,28.451269149780273,28.59863959476817,28.04935300658485,28.290502011083298,224301600
2015-06-10,28.777271270751953,28.87998153133153,28.547283897144407,28.56291394160831,156349200
2015-06-11,28.71251678466797,29.067542819658165,28.68795504222306,28.844255490920546,141563600
2015-06-12,28.395450592041016,28.654464723898236,28.38205389678882,28.623204632611635,147544800
2015-06-15,28.339628219604492,28.41108009883974,28.069450748010365,28.156532672592473,175955600
2015-06-16,28.491464614868164,28.547286450596175,28.216822137072793,28.364190897550184,125976400
2015-06-17,28.42447853088379,28.553983890961618,28.299436464414363,28.51825880307548,131672400
2015-06-18,28.55398941040039,28.650003051502733,28.406620626119764,28.408853976902844,141628800
2015-06-19,28.2681827545166,28.540593638270437,28.223525958691983,28.516031889502628,218867600
2015-06-22,28.49370002746582,28.594178657629293,28.37535799972522,28.466904931100128,136157200
2015-06-23,28.36419105529785,28.49369812375843,28.330697612965324,28.464671382295435,121075600
2015-06-24,28.605342864990234,28.982699035849468,28.384288863009008,28.404383907031253,221123600
2015-06-25,28.469139099121094,28.848726939023745,28.469139099121094,28.772810052462177,127752400
2015-06-26,28.30167007446289,28.578545896423,28.248081590368365,28.5070940164479,176267200
2015-06-29,27.805971145629883,28.23914911428784,27.79480780117253,28.013628432264692,196645600
2015-06-30,28.006940841674805,28.16100970486589,27.879667081857587,28.038200943837083,177482800
2015-07-01,28.2681827545166,28.34410135167553,28.131977312639684,28.335169651801092,120955200
2015-07-02,28.23244857788086,28.28827040648088,28.082844782537077,28.230215227743695,108844000
2015-07-06,28.13420867919922,28.185565523968155,27.87742786244942,27.897524611636374,112241600
2015-07-07,28.064987182617188,28.167699157786085,27.6362741817874,28.109643970587225,187787200
2015-07-08,27.368328094482422,27.83053280154354,27.361629747119487,27.794807714425502,243046400
2015-07-09,26.81011390686035,27.70103001819271,26.620319986898956,27.65413987586442,314380000
2015-07-10,27.5268611907959,27.65413489807677,27.06465649556041,27.22765699259238,245418000
2015-07-13,28.05828857421875,28.08061696799642,27.75908264624676,27.91761645667965,165762000
2015-07-14,28.04712677001953,28.216825648745473,27.919853036861934,28.1431404075628,127072400
2015-07-15,28.31730079650879,28.390986028616197,28.040424967933756,28.071685059698005,134596800
2015-07-16,28.694656372070312,28.708056475146563,28.435643929657154,28.522725860632445,144889600
2015-07-17,28.9425048828125,28.9425048828125,28.649999002822348,28.821931214325204,184658800
2015-07-20,29.48956298828125,29.690520247519455,29.18365699118549,29.24394553179483,235600800
2015-07-21,29.194820404052734,29.679353534603262,29.098808480959107,29.66372519211815,307025600
2015-07-22,27.960044860839844,28.022565052133587,27.238825903164294,27.238825903164294,461802400
2015-07-23,27.946645736694336,28.377588689764913,27.924315638702303,28.178863083176353,203998000
2015-07-24,27.799278259277344,28.076154127998937,27.665306174640925,27.98237383910819,168649200
2015-07-27,27.412986755371094,27.600549012105486,27.26785134311559,27.484438638044374,177822000
2015-07-28,27.5491943359375,27.667538069746648,27.3638671186555,27.5491943359375,134472400
2015-07-29,27.462106704711914,27.575983713639953,27.301339563530455,27.497833493217588,148046800
2015-07-30,27.323673248291016,27.368330036243712,27.176302781662045,27.31250819952921,134513200
2015-07-31,27.084758758544922,27.38396301770405,26.997676820219656,27.37503131844666,171540000
2015-08-03,26.446155548095703,27.368331734567274,26.240729881542865,27.129414326745238,279904000
2015-08-04,25.597658157348633,26.28091680951395,25.287288919695296,26.218396632655303,496554400
2015-08-05,25.767366409301758,26.222872911647134,25.030517304777366,25.220311254867685,397250400
2015-08-06,25.82343864440918,26.130727645651493,25.596898804222622,26.011849931022013,211612000
2015-08-07,25.910911560058594,26.074649899477837,25.682128288087846,25.70007254388198,154681600
2015-08-10,26.85296058654785,26.913520302057684,26.137449318951404,26.137449318951404,219806400
2015-08-11,25.455581665039062,26.507539920424335,25.419694871898546,26.42454903744614,388331200
2015-08-12,25.848106384277344,25.88848010107389,24.58979420725311,25.2402588839715,404870000
2015-08-13,25.827922821044922,26.10829540548688,25.69110086293657,26.027547964266923,194143200
2015-08-14,26.009601593017578,26.088105568025565,25.572221081359995,25.641752929044454,171718000
2015-08-17,26.278764724731445,26.38867030833621,25.906429078476485,26.02755025094767,163538800
2015-08-18,26.130725860595703,26.341566599691646,26.020820282480347,26.11502506372208,138242800
2015-08-19,25.7965145111084,26.135203272814078,25.722495757388085,26.040998519674407,193146000
2015-08-20,25.267173767089844,25.648479738798063,25.03838881505836,25.58792002282396,274006400
2015-08-21,23.72176170349121,25.098951562027775,23.697088781656007,24.769233162283008,513102000
2015-08-24,23.129613876342773,24.40362677759417,20.63541912283421,21.27915509630601,648825200
2015-08-25,23.2686767578125,24.921753826886736,23.214845710679146,24.921753826886736,414406400
2015-08-26,24.603260040283203,24.648118977427398,23.562516954957292,24.02008358985611,387098400
2015-08-27,25.327730178833008,25.39950547159993,24.67726562555014,25.17296571986374,338464400
2015-08-28,25.410734176635742,25.415219386074167,25.018212467307926,25.159519666612756,212657600
2015-08-31,25.291847229003906,25.688854003074386,25.121380241072895,25.128108908407583,224917200
2015-09-01,24.16138458251953,25.09446351743567,24.080637153090667,24.706428875535263,307383600
2015-09-02,25.19764518737793,25.19764518737793,24.47764856445594,24.724377818540738,247555200
2015-09-03,24.75577735900879,25.296334790713942,24.68175858892311,25.231288148328805,212935600
2015-09-04,24.509052276611328,24.773724099201758,24.33858695520362,24.441763874347867,199985200
2015-09-08,25.19091033935547,25.246984844935913,24.744557754087413,25.06530399445787,219374400
2015-09-09,24.706432342529297,25.574464763811182,24.621197982139098,25.516148498685553,340043200
2015-09-10,25.249225616455078,25.408476989999773,24.650350371309973,24.733339535529392,251571200
2015-09-11,25.617076873779297,25.617076873779297,25.067547404671917,25.074276071527077,199662000
2015-09-14,25.863805770874023,26.218197075541763,25.762872340007302,26.148665232556162,233453600
2015-09-15,26.08137321472168,26.13744771912597,25.664178765053123,26.00286925080729,173364800
2015-09-16,26.11054039001465,26.13969852444623,25.89297097798158,26.074651875706344,148694000
2015-09-17,25.55204200744629,26.12848812065536,25.507183066917985,25.942321977329886,256450400
2015-09-18,25.446611404418945,25.63726610331166,25.0922218094221,25.16848231997262,297141200
2015-09-21,25.841371536254883,25.87726003649433,25.493710674289108,25.495952422110665,200888000
2015-09-22,25.43539810180664,25.61035029936734,25.238014731218577,25.430911182697873,201384800
2015-09-23,25.641759872436523,25.731479458708176,25.412976553139643,25.48699362889939,143026800
2015-09-24,25.794273376464844,25.906422391145128,25.2043701752995,25.401751825083856,200878000
2015-09-25,25.729225158691406,26.173335982439163,25.574458980357516,26.117261478551004,224607600
2015-09-28,25.220073699951172,25.697827938171578,25.220073699951172,25.53633306574261,208436000
2015-09-29,24.461944580078125,25.460071920955418,24.192787606840596,25.307549179785273,293461600
2015-09-30,24.74007797241211,25.018207101936135,24.387930068586687,24.710918127909963,265892000
2015-10-01,24.578575134277344,24.587547259585797,24.069417718384692,24.46418267566698,255716400
2015-10-02,24.758014678955078,24.89932352588932,24.123252586823476,24.226429470036592,232079200
2015-10-05,24.847742080688477,24.980078843346252,24.464192552999453,24.645873457889355,208258800
2015-10-06,24.96661376953125,25.063061993191063,24.621194589709095,24.814091037028717,192787200
2015-10-07,24.847742080688477,25.069796710138203,24.54045479328295,25.063068041254667,187062400
2015-10-08,24.560636520385742,24.715402722774396,24.271291830000063,24.715402722774396,247918400
2015-10-09,25.148300170898438,25.18418697216761,24.55839515284925,24.672787647458016,211064400
2015-10-12,25.031658172607422,25.28960123253007,24.99577138000303,25.285116025176293,121868800
2015-10-13,25.074283599853516,25.22231944888777,24.82531258391268,24.85671417950354,132197200
2015-10-14,24.71988296508789,25.01371280450353,24.574088919353986,24.962125221575796,177849600
2015-10-15,25.089975357055664,25.143806399920564,24.782686469488283,24.88137814078893,150694000
2015-10-16,24.906055450439453,25.121381371126688,24.79166296682932,25.072035526774933,156930400
2015-10-19,25.060823440551758,25.06530864887749,24.69745996086399,24.852226172607406,119036800
2015-10-20,25.518381118774414,25.608100655441827,24.85670274446066,24.97333694424782,195871200
2015-10-21,25.516143798828125,25.92436613580862,25.50268475367488,25.569974845666728,167180800
2015-10-22,25.906421661376953,25.906421661376953,25.592404086866217,25.643993385119497,166616400
2015-10-23,26.70941162109375,26.74305667011026,26.092591997071434,26.175581178552775,237467600
2015-10-26,25.857074737548828,26.49632373414479,25.776327315741124,26.485109860218078,265335200
2015-10-27,25.693342208862305,26.13969484741818,25.56773413771088,25.883995208345304,279537600
2015-10-28,26.752025604248047,26.758755982685184,26.032029124710814,26.22716902919141,342205600
2015-10-29,27.03464126586914,27.070529772051515,26.527727239221168,26.624175460513595,204909200
2015-10-30,26.803611755371094,27.18940460004466,26.792396170551847,27.137815305637293,197461200
2015-11-02,27.180435180664062,27.220808894271993,26.82828734412862,27.095202545828723,128813200
2015-11-03,27.49220848083496,27.698562250318563,27.072770563752727,27.092958275581612,182076000
2015-11-04,27.364362716674805,27.772585108424046,27.27913007180702,27.61781890283362,179544400
2015-11-05,27.23822021484375,27.636928177832182,27.071529633657114,27.44771040253675,158210800
2015-11-06,27.26975440979004,27.438698042862917,27.170641980357402,27.281018006094968,132169200
2015-11-09,27.159379959106445,27.438699634115476,27.042246456226405,27.24723051591238,135485600
2015-11-10,26.303390502929688,26.59622675289473,26.143457440392293,26.332675159076057,236511600
2015-11-11,26.154726028442383,26.44981367862618,25.951993333491004,26.21329363333577,180872000
2015-11-12,26.066875457763672,26.31465909867427,26.051107454758,26.188515074628896,130102400
2015-11-13,25.305496215820312,26.033080694994815,25.28972821626337,25.949734572432085,183249600
2015-11-16,25.7199764251709,25.73349136463906,25.003655417441404,25.089252898378675,152426800
2015-11-17,25.609596252441406,25.9159474336029,25.526250129222316,25.88666277806434,110467600
2015-11-18,26.4205322265625,26.46558317527937,26.01731987678746,26.075887484986215,186698800
2015-11-19,26.75616455078125,26.97466524569888,26.301143813878102,26.499370380292167,173183200
2015-11-20,26.8732967376709,27.01295568430863,26.771929543716215,26.850769548847712,137148400
2015-11-23,26.524145126342773,26.970156985280802,26.43178846701266,26.86653673188203,129930000
2015-11-24,26.778690338134766,26.884561951850607,26.382237200649325,26.42954120960213,171212800
2015-11-25,26.587223052978516,26.857533903611337,26.562444515372583,26.853027777546504,85553200
2015-11-27,26.537668228149414,26.672824524218793,26.490364211958607,26.64579292128818,52185600
2015-11-30,26.64804458618164,26.89808131477239,26.52415189414709,26.5782133785878,156721200
2015-12-01,26.43178939819336,26.762919139912682,26.323666453091068,26.749404201420703,139409600
2015-12-02,26.193023681640625,26.6052466073498,26.14797272828186,26.43179682789276,133546400
2015-12-03,25.94974136352539,26.307902759454652,25.728989311956983,26.25384127805187,166278000
2015-12-04,26.812477111816406,26.862034179405825,25.92946558311689,25.970012118546116,231108000
2015-12-07,26.643529891967773,26.99943813046564,26.537658301654087,26.801211605539475,128336800
2015-12-08,26.63226890563965,26.715613312092575,26.32366465534384,26.472334124352074,137238000
2015-12-09,26.04435157775879,26.51063594497179,25.9227119534532,26.499372348457303,185445600
2015-12-10,26.168241500854492,26.341691256178958,26.019572000588415,26.138958557103884,116850800
2015-12-11,25.494718551635742,25.9925388777188,25.4203829465679,25.94748793326861,187544800
2015-12-14,25.337032318115234,25.38208325152476,24.731087467834275,25.269454199417993,257274800
2015-12-15,24.888778686523438,25.409126310744124,24.85724267518688,25.215404116200272,213292400
2015-12-16,25.080238342285156,25.2266564645062,24.5080842278671,25.019419405852176,224954000
2015-12-17,24.548633575439453,25.285226958728675,24.548633575439453,25.233416828828133,179091200
2015-12-18,23.884119033813477,24.670269419229705,23.83456197068651,24.532863542263748,385813200
2015-12-21,24.176958084106445,24.185968616497497,23.780503251816764,24.1656944889718,190362400
2015-12-22,24.154428482055664,24.264804477451136,23.978725708349995,24.192721949232027,131157600
2015-12-23,24.46528434753418,24.519345814682012,24.147669576051687,24.16343757557743,130629600
2015-12-24,24.334638595581055,24.553139284369426,24.316617530435273,24.553139284369426,54281600
2015-12-28,24.062076568603516,24.2580517863807,23.917911483773185,24.23552459552697,106816800
2015-12-29,24.49457359313965,24.65000228462855,24.071088840671305,24.09361431456941,123724800
2015-12-30,24.17470359802246,24.485559213586477,24.143167595802193,24.458529336588093,100855200
2015-12-31,23.710674285888672,24.10938047094601,23.611560146030712,24.104876063944907,163649200
2016-01-04,23.73094367980957,23.735449804821453,22.976329287135002,23.11373688408393,270597600
2016-01-05,23.136268615722656,23.84357919872016,23.06869218950172,23.82105372331318,223164000
2016-01-06,22.683488845825195,23.05967116009652,22.496525938317514,22.651952850892197,273829600
2016-01-07,21.726144790649414,22.55509473351761,21.721640384466582,22.228471149896194,324377600
2016-01-08,21.841033935546875,22.325339388636742,21.795982984899094,22.199195351956075,283192000
2016-01-11,22.194683074951172,22.314069607807568,21.926625352707706,22.29379720120922,198957600
2016-01-12,22.516803741455078,22.681242941827485,22.264514002903095,22.64970693933139,196616800
2016-01-13,21.93789291381836,22.793874642374632,21.91762050355392,22.597899416901196,249758400
2016-01-14,22.41769027709961,22.633939612925026,21.56621474715147,22.066288113904072,252680400
2016-01-15,21.87932777404785,22.00997793908476,21.480621526671204,21.669837584793374,319335600
2016-01-19,21.773456573486328,22.22171987191926,21.51215625892898,22.167658389749423,212350800
2016-01-20,21.8027400970459,22.11810190214439,21.04361938917253,21.422053211574006,289337600
2016-01-21,21.692359924316406,22.048266485215724,21.386008711417897,21.863554876137204,208646000
2016-01-22,22.845678329467773,22.85468886058117,22.15864208825636,22.21720796261881,263202000
2016-01-25,22.399675369262695,22.870464169969765,22.347865228447493,22.868211106825548,207178000
2016-01-26,22.52356719970703,22.72404686256047,22.09107186311873,22.510052257496053,300308000
2016-01-27,21.043615341186523,21.76669377517496,21.02559427725693,21.633792295506485,533478800
2016-01-28,21.19454574584961,21.291406852167956,20.811607447521563,21.126969308924362,222715200
2016-01-29,21.92662811279297,21.92662811279297,21.25310670655269,21.35222084528705,257666000
2016-02-01,21.721647262573242,21.784719280602793,21.48963160257156,21.73065779637512,163774000
2016-02-02,21.28238868713379,21.633790816826192,21.237336030389166,21.494130158792558,149428800
2016-02-03,21.703624725341797,21.81400074941957,21.192289426440556,21.39952653410023,183857200
2016-02-04,21.878009796142578,22.043341274884668,21.558673279542926,21.710414757132185,185886800
2016-02-05,21.293689727783203,21.950483334536827,21.218952497481066,21.859890815000362,185672400
2016-02-08,21.517900466918945,21.674170747454987,21.071733860943954,21.09211626487592,216085600
2016-02-09,21.51338005065918,21.72853754079699,21.273311297699493,21.35484440774409,177324800
2016-02-10,21.350311279296875,21.821391030393816,21.311810017462367,21.724004367695013,169374400
2016-02-11,21.22121810913086,21.452229142675453,20.96982466387226,21.241602248753622,200298800
2016-02-12,21.286895751953125,21.40240125843209,21.06494589171672,21.33219287601772,161405600
2016-02-16,21.88707160949707,21.934632298950824,21.42731655020201,21.5201726406854,196231600
2016-02-17,22.22226905822754,22.242651475460303,21.776102161100884,21.893871270233927,179452800
2016-02-18,21.801008224487305,22.396651175658235,21.762505235441324,22.38532646219024,156084000
2016-02-19,21.75118064880371,21.914246834451163,21.696825829557408,21.742121224277902,141496800
2016-02-22,21.941421508789062,21.945952084619837,21.72400052243862,21.812327744146348,137123200
2016-02-23,21.445438385009766,21.855367523451385,21.41373125429655,21.832719819786092,127770400
2016-02-24,21.764774322509766,21.828188582017955,21.135158848951324,21.2846367988569,145022800
2016-02-25,21.91425132751465,21.91425132751465,21.57226532515957,21.753450397006887,110330800
2016-02-26,21.948223114013672,22.199614845314983,21.873484144430357,22.013900929565107,115964400
2016-02-29,21.898393630981445,22.247173705330145,21.889334206307748,21.93689488991322,140865200
2016-03-01,22.76807975769043,22.822434582820552,22.06372540771771,22.11581667240276,201628400
2016-03-02,22.817901611328125,22.849608730917645,22.566508214648064,22.763546796018723,132678400
2016-03-03,22.98776626586914,23.03532695424258,22.7499610960932,22.779404661211583,147822800
2016-03-04,23.329753875732422,23.49734894099103,22.958326040343685,23.18480651206408,184220400
2016-03-07,23.071563720703125,23.288984742123198,22.865465684869566,23.18933279267324,143315600
2016-03-08,22.881315231323242,23.0466466886304,22.73863319703148,22.824695129601505,126247600
2016-03-09,22.90170669555664,23.005887508716018,22.70919690576823,22.944736811658146,108806800
2016-03-10,22.913028717041016,23.155362750632587,22.68201939810401,22.96738527389231,134054400
2016-03-11,23.159893035888672,23.16442188494813,22.987767397179063,23.15536245892038,109632800
2016-03-14,23.218780517578125,23.307109503844107,23.051185428376535,23.080628999768237,100304400
2016-03-15,23.685327529907227,23.821215463816046,23.51999602958046,23.54490901905311,160270800
2016-03-16,24.000131607055664,24.077134124384102,23.68758750566512,23.692118081924775,153214000
2016-03-17,23.96162986755371,24.113371338944333,23.77138541036294,23.8982138965511,137682800
2016-03-18,23.98880386352539,24.120162911922126,23.823474137016007,24.0839252180575,176820800
2016-03-21,23.98655128479004,24.38062688248228,23.81216032706883,23.991080134642278,142010800
2016-03-22,24.16999626159668,24.299090061591315,23.828010264874134,23.83706969110818,129777600
2016-03-23,24.036365509033203,24.24925764929279,23.984275981889954,24.11563503557814,102814000
2016-03-24,23.932188034057617,24.063547105898483,23.755533564710287,23.886892636551153,104532000
2016-03-28,23.82347869873047,24.049959145025742,23.794035134850528,24.006927307298863,77645600
2016-03-29,24.387418746948242,24.412331738585134,23.753272696405663,23.7555379850751,124760400
2016-03-30,24.813201904296875,25.007975263716304,24.595780841484046,24.607105557135252,182404400
2016-03-31,24.68410301208496,24.890201044722406,24.659190025108817,24.849434495844047,103553600
2016-04-01,24.910585403442383,24.912850691865195,24.50518517119843,24.636544253180922,103496000
2016-04-04,25.1665096282959,25.40884365418212,24.973999852742512,25.007972267717157,149424800
2016-04-05,24.86981964111328,25.078182984908835,24.781492396815462,24.80187653745049,106314800
2016-04-06,25.130268096923828,25.134798673115025,24.731662059617005,24.9649383520245,105616400
2016-04-07,24.582189559936523,25.007972206572465,24.48706818056713,24.901526112936278,127207600
2016-04-08,24.60936737060547,24.8607590890533,24.498390702204215,24.665987485047786,94326800
2016-04-11,24.69089698791504,25.051001788643912,24.647866878980267,24.679574002577947,117630000
2016-04-12,25.012500762939453,25.02608903663491,24.609365849493436,24.76337089246503,108929200
2016-04-13,25.3748722076416,25.442815312275144,25.09403690709012,25.09403690709012,133029200
2016-04-14,25.38846206665039,25.4541416147626,25.21407285317995,25.27975240129216,101895600
2016-04-15,24.878870010375977,25.433747991791783,24.85169346996764,25.390716165600963,187756000
2016-04-18,24.342119216918945,24.675044022744533,24.21981956812419,24.66145574884801,243286000
2016-04-19,24.213031768798828,24.45989469138026,24.059024955329328,24.432716408564772,129539600
2016-04-20,24.262849807739258,24.48027083078875,24.020515797140575,24.151874871871108,122444000
2016-04-21,24.000131607055664,24.21755261398772,23.898214376116265,24.21755261398772,126210000
2016-04-22,23.9344539642334,24.115639014935994,23.694385240774857,23.78271247781748,134732400
2016-04-25,23.798568725585938,23.927662527208124,23.66947492396375,23.78044987288941,112126400
2016-04-26,23.633237838745117,23.848395332367442,23.53358760211703,23.53358760211703,224064800
2016-04-27,22.15431785583496,22.355885320885914,21.66964982437439,21.742123500258902,458408400
2016-04-28,21.477136611938477,22.167900790859242,21.345777566064697,22.106751843522588,328970800
2016-04-29,21.23027992248535,21.452231555372222,20.95170989694444,21.286900043048345,274126000
2016-05-02,21.20762825012207,21.307280196590593,20.926792988511885,21.282367209973465,192640400
2016-05-03,21.556407928466797,21.683236419465825,21.216687275083462,21.334456341309902,227325200
2016-05-04,21.332195281982422,21.71947666489431,21.24839688894312,21.5609393046504,164102000
2016-05-05,21.24560546875,21.43472914791066,21.118004788077215,21.418779062826562,143562000
2016-05-06,21.127119064331055,21.293455415162843,20.92888080536488,21.275227988494596,174799600
2016-05-09,21.14306640625,21.3663675652193,21.097493499419482,21.190916654600564,131745600
2016-05-10,21.286623001098633,21.320802256007195,20.988127767650703,21.26611649121097,134747200
2016-05-11,21.07927131652832,21.32080169828695,21.067877652380467,21.300295188935703,114876400
2016-05-12,20.584815979003906,21.14079343395983,20.38657942691291,21.127122427175387,305258800
2016-05-13,20.625829696655273,20.887868323514734,20.50734358750293,20.50734358750293,177571200
2016-05-16,21.391443252563477,21.50765205182889,20.883317683169363,21.051933179259695,245039200
2016-05-17,21.302574157714844,21.57828381454151,21.193202622631627,21.54410629634626,187667600
2016-05-18,21.546377182006836,21.69448609071095,21.39371185171847,21.455234842892324,168249600
2016-05-19,21.464357376098633,21.564616080500596,21.320806562601753,21.564616080500596,121768400
2016-05-20,21.69676399230957,21.744614239274426,21.537261430664802,21.564605173971255,128104000
2016-05-23,21.972484588623047,22.14565823969425,21.799310937551844,21.844883865954507,152074400
2016-05-24,22.30743408203125,22.350726182938512,22.06590195241827,22.152489631091072,140560800
2016-05-25,22.69935417175293,22.726696187300238,22.355285989205374,22.48288669757087,152675200
2016-05-26,22.879364013671875,22.952278954764644,22.4760518876046,22.713025880763425,225324800
2016-05-27,22.865686416625977,22.893030165646426,22.61504146843989,22.658335303115027,145364800
2016-05-31,22.75403594970703,22.877080213373,22.51706200543505,22.694792029031795,169228800
2016-06-01,22.43503761291504,22.681126196370553,22.405416515036443,22.56263832799744,116693200
2016-06-02,22.266414642333984,22.293756650121292,22.018047061550345,22.239070896117898,160766400
2016-06-03,22.311986923217773,22.391737347275814,22.204892751584605,22.282365833833033,114019600
2016-06-06,22.47376823425293,23.216590240671206,22.227681444651946,22.327938381737916,93170000
2016-06-07,22.564912796020508,22.75631556794565,22.54896270989583,22.61504213482064,89638000
2016-06-08,22.544404983520508,22.68567667004546,22.485161064871615,22.56263241058802,83392400
2016-06-09,22.70618438720703,22.783655731119804,22.4350312066546,22.444145789190607,106405600
2016-06-10,22.51934051513672,22.63782661505563,22.439590088419287,22.45098201313382,126851600
2016-06-13,22.179832458496094,22.585423637920215,22.12514669098972,22.48744402948881,152082000
2016-06-14,22.207172393798828,22.439589907996815,22.04539246135026,22.175272223368346,127727600
2016-06-15,22.134265899658203,22.42364836246423,22.109201222141788,22.289210388655324,117780800
2016-06-16,22.227676391601562,22.27324755824188,21.890443847806054,21.97702975979409,125307200
2016-06-17,21.721834182739258,22.022608481926333,21.714998679780535,22.01577297896761,244032800
2016-06-20,21.669424057006836,22.00437758305134,21.653473971882285,21.874497821771726,137647600
2016-06-21,21.853992462158203,21.954249400307937,21.573724679189954,21.632968600661833,142185600
2016-06-22,21.771963119506836,22.077293835540676,21.7263902032435,21.931463980356007,116876400
2016-06-23,21.897287368774414,21.940581209838957,21.703607231975436,21.860830769795754,128960800
2016-06-24,21.282068252563477,21.569171582580047,21.11117370300611,21.170417633612853,301245600
2016-06-27,20.972177505493164,21.202315965632827,20.849133231906485,21.190922301282,181958400
2016-06-28,21.32535743713379,21.341309261800948,20.994962048588413,21.16813565519468,161779600
2016-06-29,21.509929656982422,21.544108917765705,21.334476929561966,21.411950036566033,146124000
2016-06-30,21.78335189819336,21.82208756760016,21.48713580819995,21.519035975761877,143345600
2016-07-01,21.84943389892578,21.9815927449947,21.721833213578662,21.758289807208286,104106000
2016-07-05,21.644359588623047,21.737782758376927,21.5235944089345,21.735503678072735,110820800
2016-07-06,21.767410278320312,21.79703311573814,21.503094253113787,21.55550094658784,123796400
2016-07-07,21.86083221435547,21.988432926856422,21.787917273150736,21.806144704629926,100558400
2016-07-08,22.029447555541992,22.07729782243793,21.885896754854173,21.98615371188072,115648400
2016-07-11,22.09780502319336,22.25047040152665,22.040840174105185,22.045396597123375,95179600
2016-07-12,22.198057174682617,22.261857513714595,22.129700413617865,22.14109233791423,96670000
2016-07-13,22.072744369506836,22.255030876722028,22.06590712609078,22.195788674552603,103568800
2016-07-14,22.510231018066406,22.555802204078333,22.175277411747874,22.191227500694982,155676000
2016-07-15,22.50794792175293,22.62643576573226,22.444147577346676,22.539848093956056,120548000
2016-07-18,22.747203826904297,22.81556060236729,22.46693600606127,22.48972159788227,145975600
2016-07-19,22.756315231323242,22.78593632270833,22.635548308532545,22.68567764659114,95119600
2016-07-20,22.77682113647461,22.890750815071478,22.726691799743357,22.785935719373832,105104000
2016-07-21,22.656064987182617,23.01380425105289,22.587706457401698,22.747209114080633,130808000
2016-07-22,22.48060417175293,22.626434015811363,22.400852008984117,22.617319433254103,113254800
2016-07-25,22.179832458496094,22.52162154766204,22.084131930752637,22.387185340369452,161531600
2016-07-26,22.02716636657715,22.32338426293091,21.970201520234436,22.061345622068604,224959200
2016-07-27,23.458118438720703,23.777121863509226,23.41254726593469,23.758892699023296,369379200
2016-07-28,23.77484703063965,23.79991170167832,23.428501535677558,23.43078061625265,159479200
2016-07-29,23.745229721069336,23.822702827107044,23.62446450778026,23.740673297622127,110934800
2016-08-01,24.164485931396484,24.187271519812555,23.79079671840026,23.79079671840026,152671600
2016-08-02,23.806751251220703,24.169046868471003,23.697377972592157,24.16449044530824,135266400
2016-08-03,24.105247497558594,24.116639425145156,23.87282992289697,23.88194450802383,120810400
2016-08-04,24.254148483276367,24.2839300323934,24.118982303461394,24.187711106465084,109634800
2016-08-05,24.62299919128418,24.66194471273675,24.32517659087174,24.345794191224247,162213600
2016-08-08,24.826887130737305,24.826887130737305,24.54968393855186,24.63215606994949,112148800
2016-08-09,24.92768096923828,24.957464264118407,24.74440708712295,24.7948079727546,105260800
2016-08-10,24.742128372192383,24.948313124863354,24.687146354095738,24.904784747119802,96034000
2016-08-11,24.726089477539062,24.95518323652753,24.707761557336784,24.861253956375855,109938000
2016-08-12,24.78335952758789,24.84292438617509,24.691721686956768,24.691721686956768,74641600
2016-08-15,25.081180572509766,25.094925636036056,24.760449023407794,24.774194086934088,103472800
2016-08-16,25.05827522277832,25.253006320033588,25.019329702465953,25.115548663654174,135177600
2016-08-17,25.021617889404297,25.05598229904924,24.820014285005414,24.994126012119047,101424000
2016-08-18,24.989540100097656,25.10866804972815,24.9757932901758,25.023904503133075,87938800
2016-08-19,25.053691864013672,25.12929321865578,24.8245981211078,24.918525646819003,101472400
2016-08-22,24.85896110534668,24.99412556693711,24.70775840474066,24.9391435611924,103280800
2016-08-23,24.936857223510742,25.044531578125785,24.86354728494151,24.877292352221115,85030800
2016-08-24,24.748992919921875,24.913940668833003,24.668810471936265,24.87270373160522,94700400
2016-08-25,24.64361572265625,24.71463422902995,24.439722415840986,24.602378775893236,100344800
2016-08-26,24.499282836914062,24.73066623435003,24.35495267551242,24.606957164357713,111065200
2016-08-29,24.471790313720703,24.613829044778868,24.350370925679744,24.4259722703323,99881200
2016-08-30,24.283935546875,24.398482412662144,24.169388681087852,24.238117499698724,99455600
2016-08-31,24.306840896606445,24.414515213827364,24.201458005751938,24.20604085848477,118649600
2016-09-01,24.4511775970459,24.46721409021607,24.196883385456967,24.316011370743013,106806000
2016-09-02,24.680269241333008,24.742123781734875,24.47179310013169,24.67339496098034,107210000
2016-09-06,24.67340087890625,24.810858553384605,24.629874246645244,24.719220686348013,107521600
2016-09-07,24.82459831237793,24.916236159815647,24.529067172010745,24.70317890735775,169457200
2016-09-08,24.17397117614746,24.574885229446362,24.109825207275087,24.570304123604007,212008000
2016-09-09,23.626436233520508,24.219789915352393,23.626436233520508,23.972368262360416,186228000
2016-09-12,24.15564727783203,24.219793252740153,23.488983578936768,23.516475460117416,181171200
2016-09-13,24.730667114257812,24.92310675369148,24.568010777936287,24.629867062979635,248704800
2016-09-14,25.605804443359375,25.89446302139946,24.87957776681186,24.909361069182438,443554800
2016-09-15,26.476360321044922,26.513016154062843,25.999844978889882,26.08461028185908,359934400
2016-09-16,26.327451705932617,26.604654916585687,26.12584984759761,26.373271501813186,319547600
2016-09-19,26.020465850830078,26.616109189599428,25.944864501673187,26.389306889975177,188092000
2016-09-20,26.018178939819336,26.144181210282788,25.775340107122563,25.899050950528483,138057200
2016-09-21,26.013595581054688,26.11439564085053,25.759301382936105,26.082322656209136,144012800
2016-09-22,26.258726119995117,26.332036049706506,26.116687366496414,26.196869829017217,124296000
2016-09-23,25.821155548095703,26.297670952729277,25.555407715257417,26.212905638646035,209924800
2016-09-26,25.860095977783203,25.976934253055173,25.555402688080047,25.576020281915348,119477600
2016-09-27,25.908206939697266,25.92882628256868,25.736386656436167,25.88758934467216,98429600
2016-09-28,26.105228424072266,26.263303648543392,25.986100459960383,26.0456653159395,118564400
2016-09-29,25.699737548828125,26.07087006177409,25.61268255100721,25.92425019815642,143548000
2016-09-30,25.899045944213867,25.972355865263516,25.61267879201268,25.763879739494786,145516400
2016-10-03,25.777629852294922,25.899051016800733,25.722647837700507,25.821158227265812,86807200
2016-10-04,25.88758659362793,26.18769876385392,25.802821300335694,25.90133165551733,118947200
2016-10-05,25.899045944213867,26.038793254315756,25.816572064552215,25.979228397260922,85812400
2016-10-06,26.091487884521484,26.194579376189363,25.917376139540035,26.047959511314456,115117200
2016-10-07,26.130428314208984,26.244975170571948,26.004427820917513,26.187701742390466,97433600
2016-10-10,26.586326599121094,26.74669150213669,26.281631535545106,26.35035860204621,144944000
2016-10-11,26.643600463867188,27.191134317484888,26.620689693479395,26.964330275139694,256164000
2016-10-12,26.881864547729492,27.028486181720062,26.746700050253615,26.88415597503243,150347200
2016-10-13,26.799386978149414,26.904769890789296,26.510728370924866,26.75585860742008,140769600
2016-10-14,26.94829750061035,27.072008336808725,26.83375062426148,27.005570938784786,142608800
2016-10-17,26.92996597290039,26.99640160986492,26.753562839612247,26.879565077675206,94499600
2016-10-18,26.911643981933594,27.081172873141668,26.907061127987973,27.074300340069897,98214000
2016-10-19,26.831459045410156,26.978078896927713,26.0708679102204,26.861240601927424,80138400
2016-10-20,26.81771469116211,26.89102462364147,26.650477226996685,26.771896638805003,96503200
2016-10-21,26.712331771850586,26.783352025203126,26.639021839372905,26.76044125117844,92770800
2016-10-24,26.95287322998047,26.97349082330702,26.803961980519464,26.82687100016435,94154800
2016-10-25,27.090328216552734,27.115528661698146,26.874979593617798,27.02159941200232,192516000
2016-10-26,26.480941772460938,26.50614222102865,25.95860838005083,26.187702095869042,264536800
2016-10-27,26.22665023803711,26.542798947275006,26.139593504476434,26.43512461756348,138248000
2016-10-28,26.052539825439453,26.39388900121319,25.990683538191657,26.08690423526084,151446800
2016-10-31,26.011301040649414,26.16937626592226,25.933408267382227,26.036501489543532,105677600
2016-11-01,25.54166603088379,26.0639995898348,25.32173620331741,25.992981074598433,175303200
2016-11-02,25.564573287963867,25.738685044826394,25.482101137709808,25.52104665963332,113326800
2016-11-03,25.29054832458496,25.665887700158493,25.22607302147493,25.55535911106137,107730400
2016-11-04,25.06258201599121,25.387263508213586,24.89448592624151,24.99119888939781,123348000
2016-11-07,25.42411231994629,25.447138969285586,25.205354759171133,25.348122795987948,130240000
2016-11-08,25.573780059814453,25.72575906993961,25.26061278757501,25.4010775974833,97016800
2016-11-09,25.532331466674805,25.633650807028452,24.88066884225742,25.302061516285825,236705600
2016-11-10,24.820804595947266,25.58069457507612,24.369475587034312,25.58069457507612,228538000
2016-11-11,24.968177795410156,25.06949716418748,24.5352707996884,24.66652463795867,136575600
2016-11-14,24.341840744018555,24.82540737785127,23.966501287964054,24.80238072992031,204702000
2016-11-15,24.66421890258789,24.7954727273236,24.445463113635245,24.539872896498174,129058000
2016-11-16,25.327390670776367,25.38265672229523,24.54677570048004,24.569802343536107,235362000
2016-11-17,25.31818389892578,25.410292243383676,25.060282642628334,25.2859462418886,110528000
2016-11-18,25.343515396118164,25.454045768065143,25.25140880245312,25.265224440138745,113715600
2016-11-21,25.728059768676758,25.787928684907193,25.33199521234556,25.357325044912333,117058400
2016-11-22,25.744178771972656,25.886945003626835,25.652070448983423,25.778717855876,103862000
2016-11-23,25.61292839050293,25.67740369812785,25.405685075408282,25.64286285280868,109705600
2016-11-25,25.74187660217285,25.760298618865686,25.54844894053852,25.58989759968729,45903600
2016-11-28,25.69122314453125,25.89846649036812,25.649774475363877,25.658985485936697,108776000
2016-11-29,25.665891647338867,25.797145465089997,25.345816517089258,25.50930799135326,114115200
2016-11-30,25.449434280395508,25.836287869395303,25.391866792489708,25.698126249785442,144649200
2016-12-01,25.21225929260254,25.546151813381687,25.10633531398931,25.414897996750025,148347600
2016-12-02,25.306663513183594,25.350413601537312,25.06487940445095,25.138565705531946,106112000
2016-12-05,25.124757766723633,25.33660572760053,24.926725442523757,25.32969790926202,137298000
2016-12-06,25.31818389892578,25.41259543512077,25.143179976958383,25.21456310942349,104782000
2016-12-07,25.566877365112305,25.603721407732273,25.136273597120493,25.159300245347648,119994800
2016-12-08,25.81787109375,25.889254226207107,25.467859736213335,25.52773042362734,108273200
2016-12-09,26.239259719848633,26.41196217984804,25.861617147862216,25.861617147862216,137610400
2016-12-12,26.08958625793457,26.481044473510515,25.903066402222468,26.08728306650545,105497600
2016-12-13,26.524797439575195,26.692893527728142,26.193208132680063,26.213931585950814,174935200
2016-12-14,26.524797439575195,26.757368835886556,26.476440958456386,26.49025659397022,136127200
2016-12-15,26.669862747192383,26.87940922303289,26.534004334186427,26.568543417614983,186098000
2016-12-16,26.704408645629883,26.826451448381032,26.630722325658223,26.819543630386885,177404400
2016-12-19,26.858686447143555,27.02908571582107,26.653746335091068,26.66526053515615,111117600
2016-12-20,26.930070877075195,27.05672005666432,26.867898761435306,26.881714396728537,85700000
2016-12-21,26.955400466918945,27.03369316544668,26.890925160378657,26.895531543314586,95132800
2016-12-22,26.778095245361328,26.82875492027494,26.628419412249425,26.791910881493962,104343600
2016-12-23,26.831056594848633,26.831056594848633,26.61690544877681,26.61690544877681,56998000
2016-12-27,27.001461029052734,27.125807041423812,26.82415214301926,26.8310599620142,73187600
2016-12-28,26.88632583618164,27.176464772827636,26.75737344085162,27.06132977220982,83623600
2016-12-29,26.87941551208496,26.966917471943905,26.80342599712243,26.814938442018846,60158000
2016-12-30,26.669862747192383,26.98763461247589,26.58005761663791,26.860987207324253,122345200
2017-01-03,26.7458553314209,26.787303993139343,26.425780238025247,26.665261199418453,115127600
2017-01-04,26.71592140197754,26.828754953267687,26.653749282483766,26.67677592833996,84472400
2017-01-05,26.851776123046875,26.909343604357442,26.667559480125014,26.692889312447274,88774400
2017-01-06,27.15113067626953,27.208698163829947,26.819541385739022,26.890924508131448,127007600
2017-01-09,27.39982032775879,27.501139665978368,27.158037939035147,27.160339373579944,134247600
2017-01-10,27.427452087402344,27.489624196826544,27.24093400230956,27.34915939598723,97848400
2017-01-11,27.5748291015625,27.61627776672702,27.310018282834758,27.342255938316,110354400
2017-01-12,27.459693908691406,27.471208109913796,27.22021292919338,27.379099770596024,108344800
2017-01-13,27.411340713500977,27.54489773368931,27.35837784107434,27.427459543053317,104447600
2017-01-17,27.63239860534668,27.68766291064761,27.222518307125334,27.250149581365502,137759200
2017-01-18,27.630088806152344,27.74752696405092,27.565613505916318,27.632391997395107,94852000
2017-01-19,27.58173370361328,27.653116824309897,27.487323939803588,27.494231757055484,102389200
2017-01-20,27.63239860534668,27.736019397388496,27.57022648148571,27.736019397388496,130391600
2017-01-23,27.650819778442383,27.818915880985873,27.57943488959548,27.63239775829992,88200800
2017-01-24,27.62548828125,27.65542274456876,27.51726111543693,27.52877531653976,92844000
2017-01-25,28.0653018951416,28.115961567076894,27.69687031309449,27.72910796672234,129510400
2017-01-26,28.079118728637695,28.194253705538035,28.00082603079889,28.016944857292128,105350400
2017-01-27,28.081424713134766,28.173533060942884,28.000830567610393,28.12517657362826,82251600
2017-01-30,28.007741928100586,28.007741928100586,27.784381484207138,27.84655361666803,121510000
2017-01-31,27.943260192871094,27.952471202385627,27.77516410048706,27.89720690211886,196804000
2017-02-01,29.647254943847656,30.047925906640124,29.246585737875417,29.251190363700744,447940000
2017-02-02,29.596595764160156,29.794628057502138,29.42389330532612,29.46994834844069,134841600
2017-02-03,29.72324562072754,29.748575455818408,29.511397687986015,29.54593677509147,98029200
2017-02-06,30.00187110900879,30.050229345912165,29.681796009778036,29.734760629634277,107383600
2017-02-07,30.287410736083984,30.416361365033605,30.03871873154924,30.05944218685019,152735200
2017-02-08,30.40484619140625,30.446296614324577,30.216026637519,30.245962858868847,92016400
2017-02-09,30.624544143676758,30.631481909524343,30.32389468441096,30.446466586216637,113399600
2017-02-10,30.555166244506836,30.744807941745723,30.538979298745115,30.63380014736456,80262000
2017-02-13,30.82575035095215,30.948325797298406,30.70086702086009,30.777185983811883,92141600
2017-02-14,31.225847244262695,31.24203419045037,30.816501360062997,30.86738066900869,132904800
2017-02-15,31.339170455932617,31.51493664705215,31.13334178123319,31.341485397736633,142492400
2017-02-16,31.30215835571289,31.4293530672968,31.184209292346434,31.376162359059524,90338400
2017-02-17,31.38772964477539,31.41316929543425,31.24434444772019,31.24434444772019,88792800
2017-02-21,31.6143798828125,31.625944005042655,31.447866403547273,31.505683485823404,98028800
2017-02-22,31.709199905395508,31.7115113182305,31.477931582412204,31.551935610752093,83347600
2017-02-23,31.575061798095703,31.794765984845448,31.521871075358764,31.77164127137798,83152800
2017-02-24,31.605121612548828,31.605121612548828,31.285970280934357,31.431670415605943,87106400
2017-02-27,31.66756820678711,31.785517304157608,31.51724521582886,31.7161361049175,81029600
2017-02-28,31.681447982788086,31.785518019553354,31.61437819475917,31.702261284366248,93931600
2017-03-01,32.32900619506836,32.412262955360646,31.82253139290543,31.889597672282996,145658400
2017-03-02,32.13705062866211,32.44232300766749,32.09079413677125,32.37756815367014,104844000
2017-03-03,32.32670211791992,32.33826624564405,32.05149211091687,32.09543367894275,84432400
2017-03-06,32.22492599487305,32.32437320481221,32.05378970115708,32.23186376197643,87000000
2017-03-07,32.26655960083008,32.37294106045336,32.097731172803236,32.160174612332,69785200
2017-03-08,32.146297454833984,32.331312822219466,32.10467084983143,32.1347333327084,74828800
2017-03-09,32.072296142578125,32.097735804659074,31.695331095765436,32.08617520915662,88623600
2017-03-10,32.17868423461914,32.22956356366392,32.063050037494754,32.20412389914153,78451200
2017-03-13,32.192535400390625,32.245726102711494,32.10465587674592,32.11159364101069,69686800
2017-03-14,32.143985748291016,32.29662016078054,32.109293382231215,32.215678364390186,61236400
2017-03-15,32.48394775390625,32.551014009818594,32.15323224191797,32.24111532727662,102767200
2017-03-16,32.53714370727539,32.61346268385059,32.43769648487442,32.54408147524815,76928000
2017-03-17,32.375247955322266,32.608827648937776,32.35211971565288,32.608827648937776,175540000
2017-03-20,32.715213775634766,32.72446295450743,32.43075123884514,32.47006642458355,86168000
2017-03-21,32.3405647277832,33.02512058613141,32.31512506851309,32.865544862425665,158119600
2017-03-22,32.70595932006836,32.747589444955736,32.322053133198985,32.342869960079604,103440800
2017-03-23,32.59033966064453,32.74297763825525,32.51864702752067,32.66897006285293,81385200
2017-03-24,32.52558135986328,32.779977962334236,32.45851508950733,32.72447228664738,89582400
2017-03-27,32.581085205078125,32.6597155945606,32.05841649279786,32.23649410452276,94300400
2017-03-28,33.256370544433594,33.311872658425536,32.52093577418366,32.58800553375455,133499200
2017-03-29,33.33039093017578,33.41596261278299,33.11531307494282,33.22863229931837,116760000
2017-03-30,33.28644943237305,33.41827407587476,33.18700574316975,33.346581457356166,84829200
2017-03-31,33.224002838134766,33.365076633853526,33.073676334799764,33.23787837068514,78646800
2017-04-03,33.23324966430664,33.33038191415727,33.082926700486944,33.23556460548382,79942800
2017-04-04,33.4807243347168,33.50847541105514,33.110693515453626,33.12919540930433,79565600
2017-04-05,33.3072509765625,33.64027778742166,33.25868309628175,33.35350391609892,110871600
2017-04-06,33.224002838134766,33.42289370539606,33.17543494533447,33.36969945878765,84596000
2017-04-07,33.150001525878906,33.344266075859544,33.13381457781785,33.240196033289536,66688800
2017-04-10,33.110679626464844,33.274881659964585,33.04823620202139,33.210126823087656,75733600
2017-04-11,32.75454330444336,33.15232521876181,32.39145023718006,33.057504331643614,121517600
2017-04-12,32.793853759765625,32.874795567468055,32.6111497813907,32.74760079409637,81400000
2017-04-13,32.62039566040039,32.92798293455409,32.62039566040039,32.81928654711352,71291600
2017-04-17,32.800777435302734,32.81234155397029,32.57875835505578,32.71983213350341,66328400
2017-04-18,32.65510177612305,32.849366411379684,32.6342884642476,32.70366969937531,58790000
2017-04-19,32.534820556640625,32.84009638591853,32.48162983931152,32.81234532102925,69313600
2017-04-20,32.94184875488281,33.05285652228359,32.64582568923188,32.65970121904781,93278400
2017-04-21,32.90253829956055,32.99735560986855,32.80540604803546,32.94185348263924,69283600
2017-04-24,33.21937942504883,33.29107203548828,33.112994451288344,33.187002003273776,68537200
2017-04-25,33.425209045410156,33.51077719210791,33.27257111167275,33.28182382037621,75486000
2017-04-26,33.22862243652344,33.441392344548845,33.15924478050825,33.411326341026495,80164800
2017-04-27,33.254066467285156,33.33963813576577,33.14305867416402,33.284132474768136,56985200
2017-04-28,33.22169494628906,33.37202148152268,33.13381537853107,33.3234535784165,83441600
2017-05-01,33.89930725097656,34.042692465256124,33.52465374069815,33.55703116098302,134411600
2017-05-02,34.11439514160156,34.2485312163374,33.95944576101237,34.121332910219344,181408800
2017-05-03,34.01032257080078,34.1097697951006,33.365085434890055,33.670357818144886,182788000
2017-05-04,33.88774871826172,34.0288225432381,33.72123523537567,33.885437305315286,93487600
2017-05-05,34.449737548828125,34.454360375384375,33.940944317621934,33.940944317621934,109310800
2017-05-08,35.386356353759766,35.5459320230176,34.46590963683079,34.46590963683079,195009600
2017-05-09,35.613006591796875,35.81883523651143,35.48811973431324,35.58525199631485,156521600
2017-05-10,35.444175720214844,35.601439987394336,35.178218606779424,35.52974738440952,103222800
2017-05-11,35.75071716308594,35.778586322509284,35.36987172307813,35.40238278953829,109020400
2017-05-12,36.24999237060547,36.32430184835647,35.917911815248516,35.92487821805518,130108000
2017-05-15,36.1571044921875,36.37771553649131,36.00616102593758,36.229093023581775,104038800
2017-05-16,36.103694915771484,36.24070557774728,35.92952773898997,36.21283996336312,80194000
2017-05-17,34.891483306884766,35.89468772244948,34.76608452665892,35.66943127386498,203070800
2017-05-18,35.42329025268555,35.60906933720598,35.09585855829673,35.128369632329715,134272800
2017-05-19,35.54403305053711,35.75767767254821,35.444178914098835,35.61834607216179,107843200
2017-05-22,35.760005950927734,35.897016612667926,35.509204791580785,35.76232690430899,91865600
2017-05-23,35.71587371826172,35.97131671775423,35.602083250330374,35.97131671775423,79675600
2017-05-24,35.60906219482422,35.80180764630263,35.45347326148539,35.725173656429966,76712000
2017-05-25,35.732139587402344,35.84360914034475,35.537073184913964,35.69962852032095,76942400
2017-05-26,35.67176818847656,35.818069783737286,35.60210059342664,35.762334999009134,87710400
2017-05-30,35.68569564819336,35.86218379154213,35.60674070591421,35.627639918263306,80507600
2017-05-31,35.474365234375,35.801800339704464,35.38612295110314,35.755356473228765,97804800
2017-06-01,35.57189178466797,35.606727335609605,35.34895984977407,35.56957083198088,65616400
2017-06-02,36.09905242919922,36.09905242919922,35.50456231726266,35.66479670000693,111082800
2017-06-05,35.74606704711914,35.86682393968477,35.636925550951005,35.841279280554346,101326800
2017-06-06,35.8668212890625,36.1826445315896,35.71123239256279,35.739098002849374,106499600
2017-06-07,36.0804557800293,36.222111831643254,35.87377762702914,35.99917992501593,84278400
2017-06-08,35.99223709106445,36.11995688163247,35.855222854523184,36.05261378375917,85003200
2017-06-09,34.5965690612793,36.03867492991036,33.90919121369438,36.03867492991036,259530800
2017-06-12,33.76986312866211,33.92545208992348,33.09409345041489,33.844176178277756,289229200
2017-06-13,34.04154968261719,34.2412614926706,33.70714818267288,34.17391841944506,136661600
2017-06-14,33.709476470947266,34.25287719776067,33.40294054703805,34.25287719776067,126124800
2017-06-15,33.50743103027344,33.55155393551454,33.024410655631954,33.2821781421212,128661600
2017-06-16,33.03835678100586,33.55621291549686,33.022099475281784,33.389012124760995,201444400
2017-06-19,33.98350143432617,34.07639272886052,33.3611457064286,33.3611457064286,130165600
2017-06-20,33.67463684082031,34.10657151739421,33.65838308263558,34.10657151739421,99600400
2017-06-21,33.87434005737305,33.92078745398233,33.58174059330442,33.793064200184524,85063200
2017-06-22,33.81862258911133,34.06709925340334,33.70018664045973,33.851133653881504,76425200
2017-06-23,33.969573974609375,34.173931311321,33.69787353926749,33.70251899058579,141757600
2017-06-26,33.86275100708008,34.434017458450086,33.76057234593985,34.17624985182483,102769600
2017-06-27,33.37740707397461,33.94171074360591,33.35186240508691,33.67465219733612,99047600
2017-06-28,33.86506271362305,33.93008483596802,33.24502805476496,33.55388490762354,88329600
2017-06-29,33.365787506103516,33.70251357547515,33.04067683488191,33.60498037410866,125997600
2017-06-30,33.444732666015625,33.663022691189894,33.38899791168204,33.54458678116092,92096400
2017-07-03,33.32398223876953,33.741984118396765,33.23109450704785,33.64445093705705,57111200
2017-07-05,33.46100616455078,33.62356153130485,33.14286183651487,33.36811839596024,86278400
2017-07-06,33.14517593383789,33.32398857199731,33.070866443025984,33.2125225640592,96515200
2017-07-07,33.481895446777344,33.614264198357915,33.184650423351705,33.184650423351705,76806800
2017-07-10,33.68624496459961,33.89292315267783,33.29378779384179,33.465633972922305,84362400
2017-07-11,33.7953987121582,33.86971174179813,33.528343791700344,33.609619681498685,79127200
2017-07-12,33.84416580200195,33.94634089873578,33.63052116502008,33.874352368642334,99538000
2017-07-13,34.315582275390625,34.48278306318964,33.774502440352215,33.788435248762035,100797600
2017-07-14,34.61050796508789,34.67785460697006,34.213408692796655,34.3620312435945,80528400
2017-07-17,34.73125457763672,35.04243239726825,34.50135618621704,34.55941190824262,95174000
2017-07-18,34.85201644897461,34.863628303726074,34.524581279562305,34.647659144358606,71475200
2017-07-19,35.0703125,35.1632002668583,34.821832231320236,34.94491011695601,83692000
2017-07-20,34.91238784790039,35.23750201452352,34.877555832359356,35.18176724621783,68974800
2017-07-21,34.896141052246094,34.93561852555064,34.57335131787063,34.83111891463383,105010400
2017-07-24,35.31877136230469,35.40005077477844,34.81020276888402,34.968116144805755,85972800
2017-07-25,35.4697151184082,35.72515809662031,35.25142509871339,35.25142509871339,75415600
2017-07-26,35.63693618774414,35.74607771648847,35.544044879798534,35.61139152098924,63124000
2017-07-27,34.96348190307617,35.760008352946,34.206436467421675,35.704273577089516,129905200
2017-07-28,34.717323303222656,34.886845026854395,34.6453347716848,34.80789009184128,68854800
2017-07-31,34.538509368896484,34.9100674095341,34.39917776123744,34.81020972444371,79383600
2017-08-01,34.84504318237305,34.88452064600083,34.464197808236975,34.62443215930494,141474400
2017-08-02,36.491493225097656,37.09759491760167,36.26391585720267,36.98844991042531,279747200
2017-08-03,36.12691879272461,36.50776421266773,35.99919548713142,36.47060769768784,108389200
2017-08-04,36.31733322143555,36.55187703625577,36.15477792683541,36.24302374823534,82239600
2017-08-07,36.87932205200195,36.904866715420106,36.38236513559111,36.47293193435718,87481200
2017-08-08,37.17424011230469,37.580630163856476,36.75391725450724,36.83055123229838,144823600
2017-08-09,37.40182113647461,37.450589506452154,36.94898717285623,36.983819191811335,104526000
2017-08-10,36.21049118041992,37.30156010599023,36.04962763328621,37.27824520798239,163217200
2017-08-11,36.71406936645508,36.96818901629287,36.38535198361389,36.508913149953436,105028400
2017-08-14,37.26661682128906,37.350545531261794,37.0101669971067,37.14305560346204,88490800
2017-08-15,37.67457962036133,37.81445834559268,37.334201296658684,37.4554323710759,117862000
2017-08-16,37.5230598449707,37.88674970429978,37.33655122144509,37.75386466678621,110686400
2017-08-17,36.80267333984375,37.46710918957584,36.79800964605219,37.42281299194622,111762400
2017-08-18,36.71873092651367,37.18500052558051,36.536886067465986,36.80265959663989,109712400
2017-08-21,36.65113067626953,36.809660663895095,36.16154607710975,36.71873821632033,105474000
2017-08-22,37.25027847290039,37.3015684140581,36.83996250099347,36.88891881741825,86418400
2017-08-23,37.29690933227539,37.411146680312214,37.040463152141896,37.084759339285874,77596400
2017-08-24,37.13139724731445,37.474105841624464,36.96353983143378,37.40183103302768,79275600
2017-08-25,37.268924713134766,37.43211834170887,37.13137605171904,37.219964845885386,101920400
2017-08-28,37.64427947998047,37.767840649368395,37.28524986687383,37.334209744062925,103864000
2017-08-29,37.97999572753906,38.028952049357265,37.301572523502614,37.324887429271875,118067600
2017-08-30,38.08258056640625,38.20847182478453,37.9100594904343,38.18749054128076,109078400
2017-08-31,38.23410415649414,38.35533523890325,38.11287307408504,38.15017549288083,107140400
2017-09-01,38.24577713012695,38.45326702753161,38.14786090906187,38.420628287176584,66364400
2017-09-05,37.78648376464844,38.292385786204676,37.43211791991326,38.175818401771785,117874000
2017-09-06,37.746849060058594,37.998635022502796,37.422791892694626,37.93335757564919,86606800
2017-09-07,37.59531784057617,37.823792513609234,37.38549793641219,37.788820158012,87714000
2017-09-08,36.982173919677734,37.5696710457614,36.95885901707796,37.50206351998956,114446000
2017-09-11,37.651275634765625,37.779500504745165,37.27592841029202,37.41814080111383,126323200
2017-09-12,37.5020637512207,38.224783048013585,37.01481287713145,37.910049647749496,286856000
2017-09-13,37.21997833251953,37.292253126048635,36.81432595984093,37.27126828542117,179629600
2017-09-14,36.900577545166016,37.16168739474096,36.85628136196564,37.066104825964,95042800
2017-09-15,37.27360534667969,37.52772150934581,36.83531063870075,36.94488431569548,196458400
2017-09-18,36.99150848388672,37.418145712349464,36.83530855172097,37.32722325758565,113077600
2017-09-19,37.005496978759766,37.2479592360703,36.937889431587216,37.18734189306476,83242400
2017-09-20,36.385353088378906,36.8959153563297,35.86312981059454,36.811986678781416,211805600
2017-09-21,35.76054763793945,36.322403372403244,35.61134150486139,36.322403372403244,150046800
2017-09-22,35.41085433959961,35.49944672624575,35.10078454369383,35.32925571428282,186581600
2017-09-25,35.09844970703125,35.39686200772558,34.774392432494984,34.96789477014689,177549200
2017-09-26,35.70227813720703,35.88412307305742,35.36423324658035,35.38521453363472,146640000
2017-09-27,35.95639419555664,36.070631575821636,35.79553054732748,35.8561478973015,102016800
2017-09-28,35.73489761352539,35.9680323858252,35.59967901870899,35.87710996692245,88022000
2017-09-29,35.93074035644531,35.93307398154975,35.43649563463179,35.71859035590698,105199200
2017-10-02,35.85846710205078,36.00767324874679,35.604350994879546,35.963377062526,74795200
2017-10-03,36.01467514038086,36.156887558977715,35.881790109070714,35.90510146257561,64921200
2017-10-04,35.78154754638672,35.87013995686836,35.54375248249916,35.81651991979842,80655200
2017-10-05,36.22684097290039,36.238498432269104,35.91444098301876,35.94474610854885,85135200
2017-10-06,36.205833435058594,36.250129614135396,36.0333124105896,36.12889852782328,69630400
2017-10-09,36.331722259521484,36.5392120657054,36.25012722318427,36.3247285009027,65051600
2017-10-10,36.34572219848633,36.83530681325023,36.159217161772034,36.38302462877141,62468000
2017-10-11,36.497257232666016,36.59750349897214,36.31074866289442,36.36203860851548,67622400
2017-10-12,36.36904525756836,36.68843893974554,36.306097837024325,36.45064389743493,64500400
2017-10-13,36.5998420715332,36.66744961407022,36.464623429103604,36.53922473268391,65576800
2017-10-16,37.27360534667969,37.30158039362101,36.753712008647334,36.81199572801237,96486000
2017-10-17,37.41114044189453,37.504392935964724,37.122052018509535,37.25027686587202,75989200
2017-10-18,37.24562072753906,37.467101671243675,37.20832185675938,37.39949057557953,65496800
2017-10-19,36.3643798828125,36.62082968995012,36.14057237599801,36.543894747808835,170336800
2017-10-20,36.42732238769531,36.77702468261719,36.35971484258026,36.51125108077079,95896400
2017-10-23,36.40866470336914,36.763030628659415,36.25246479960394,36.576522059698476,87937200
2017-10-24,36.6254768371582,36.70007811994076,36.41565339228846,36.43663466956906,71028800
2017-10-25,36.46461868286133,36.730392239980006,36.19884512574264,36.58118609488452,84828400
2017-10-26,36.69776153564453,36.79567775628352,36.550885426008115,36.655795408310176,68002000
2017-10-27,38.01264190673828,38.140866798874264,36.998503782174275,37.13605250403111,177816800
2017-10-30,38.86823654174805,39.1829699641332,38.168832098540996,38.20846459010681,178803200
2017-10-31,39.40911102294922,39.551323414881345,38.9195300028712,39.143337452805355,144187200
2017-11-01,38.90787124633789,39.618933182180236,38.609458951518015,39.60261203671337,134551200
2017-11-02,39.192298889160156,39.283221336309026,38.532526851703295,38.84026655427204,165573600
2017-11-03,40.21576690673828,40.62608301597917,39.89403963313046,40.56546922766644,237594400
2017-11-06,40.62373352050781,40.796254530309874,40.03390283920298,40.1854390161943,140105200
2017-11-07,40.75429153442383,40.856871409850676,40.47220043435453,40.544471649126756,97446000
2017-11-08,41.08768081665039,41.08768081665039,40.64239246904859,40.7193273843951,97638000
2017-11-09,41.003753662109375,41.055043607575804,40.36496296870802,40.82423885297688,117930400
2017-11-10,40.8680419921875,41.03416430570005,40.77445426945602,40.970990629277786,100582000
2017-11-13,40.70426940917969,40.828274771872465,40.57090313035342,40.59430185054368,67928400
2017-11-14,40.088924407958984,40.58962637830053,40.05148787911344,40.48667770904722,99130000
2017-11-15,39.560142517089844,39.850270228825735,39.3963621839097,39.76837827716392,116632400
2017-11-16,40.032779693603516,40.21293632394386,39.84560058908698,40.05149439092515,94550000
2017-11-17,39.810489654541016,40.10061735144364,39.6911647543555,40.01872540396868,87598000
2017-11-20,39.770713806152344,39.9064185208818,39.672445613446854,39.84324483623426,65049600
2017-11-21,40.510066986083984,40.64109123634763,39.95789080987073,39.95789080987073,100525200
2017-11-22,40.9359016418457,40.945258987322624,40.48901252977826,40.56154356019002,102355600
2017-11-24,40.93824768066406,41.06225305956291,40.86337462238495,40.96866530685794,56106800
2017-11-27,40.73234176635742,40.96397622523732,40.55686208936625,40.956957323769124,82867200
2017-11-28,40.49370574951172,40.9148542614237,40.21059687014083,40.78149151802341,105715200
2017-11-29,39.65373229980469,40.45859977302255,39.11091694330612,40.39074919226411,166665600
2017-11-30,40.208251953125,40.276102536188226,39.41040335529264,39.876007230103156,166108800
2017-12-01,40.02107238769531,40.16613446908838,39.424440672392954,39.763700723794294,159037200
2017-12-04,39.72861099243164,40.38841291089833,39.68883601597658,40.35565683792686,130169600
2017-12-05,39.691165924072266,40.131036155210275,39.40103821861945,39.555461202335145,109400800
2017-12-06,39.543758392333984,39.82218671349077,38.947130355732995,39.1904605999383,114240000
2017-12-07,39.61630630493164,39.87835489755641,39.520376527222815,39.54845214210567,102693200
2017-12-08,39.62799072265625,40.009367709349114,39.49930847795134,39.8900428102044,93420800
2017-12-11,40.400108337402344,40.45158267136319,39.49229216043162,39.58822192555354,141095200
2017-12-12,40.17314529418945,40.33458716270803,40.11699408436946,40.27843238274499,77636800
2017-12-13,40.306522369384766,40.60366545476763,40.24334867124888,40.36033514994437,95273600
2017-12-14,40.29480743408203,40.50772359985313,40.16144118624432,40.336920836467016,81906000
2017-12-15,40.70426940917969,40.751063279416755,40.35097158322487,40.62471947276233,160677200
2017-12-18,41.277496337890625,41.45999490432386,40.91249920502416,40.91717966240892,117684400
2017-12-19,40.83761978149414,41.036498132603136,40.73233271273036,40.95226776356363,109745600
2017-12-20,40.79317092895508,41.04352004102671,40.53579934631823,40.914834249708285,93902400
2017-12-21,40.94759750366211,41.18391242655621,40.734684869859905,40.751061117009336,83799600
2017-12-22,40.94759750366211,41.04352725315094,40.82827260536791,40.87038601530353,65397600
2017-12-26,39.90876388549805,40.11933809181154,39.70052455306013,39.962576659085975,132742000
2017-12-27,39.91577911376953,39.95789252309861,39.70754337064159,39.798792660997805,85992800
2017-12-28,40.028076171875,40.2082362685599,39.8876910318349,40.00935791519349,65920800
2017-12-29,39.59524917602539,39.91345259389414,39.59291073131375,39.89707634062344,103999600
2018-01-02,40.30418014526367,40.31354106279126,39.60226127674198,39.81283907938488,102223600
2018-01-03,40.29714584350586,40.839964608071945,40.233975739981666,40.36733841756425,118071600
2018-01-04,40.484336853027344,40.587285516147695,40.262063277732224,40.369688829071734,89738400
2018-01-05,40.94526672363281,41.03183557368815,40.48902017988398,40.580269488633746,94640000
2018-01-08,40.79317092895508,41.0879754571315,40.69489918275364,40.79317092895508,82271200
2018-01-09,40.78850173950195,40.959300980537996,40.57324707008062,40.83997607024875,86336000
2018-01-10,40.779136657714844,40.78147867169188,40.477313176567634,40.51474969876762,95839600
2018-01-11,41.010772705078125,41.059908588629746,40.82593567106534,40.849330820735744,74670800
2018-01-12,41.43426513671875,41.49743882718429,41.09734354776063,41.22134891451,101672400
2018-01-16,41.22369384765625,41.972406559387096,41.211994486349994,41.623785585266006,118263600
2018-01-17,41.90454864501953,41.93964315265485,40.961638125023185,41.214325720283874,137547200
2018-01-18,41.941986083984375,42.13852605820033,41.70567471028857,41.96772324905173,124773600
2018-01-19,41.754798889160156,42.01684735445012,41.50912666787953,41.78989339071057,129700400
2018-01-22,41.4132080078125,41.59570660494731,41.31962026523079,41.48340059982055,108434400
2018-01-23,41.422569274902344,41.984106493976,41.371098510710866,41.48340452646805,130756400
2018-01-24,40.762760162353516,41.48339714467017,40.52410679746099,41.47169778528601,204420400
2018-01-25,40.03512191772461,40.933577420048806,39.8994171433926,40.83062872433867,166116000
2018-01-26,40.128692626953125,40.243340638442135,39.78943262048329,40.243340638442135,156572000
2018-01-29,39.2980842590332,39.81282385170851,39.089848550490544,39.81282385170851,202561600
2018-01-30,39.06645584106445,39.16004357406714,38.535336352409104,38.7295342900257,184192800
2018-01-31,39.17409133911133,39.41040631577507,38.95649819798095,39.04306705153036,129915600
2018-02-01,39.25598907470703,39.45252553497012,39.01733561859066,39.11326540400881,188923200
2018-02-02,37.55264663696289,39.026676471320826,37.45905891452289,38.83949745629807,346375200
2018-02-05,36.614418029785156,38.343477505754464,36.49977003097488,37.22508740195526,290954000
2018-02-06,38.14460754394531,38.30604944131928,36.03183221340703,36.22603017907835,272975200
2018-02-07,37.32803726196289,38.231172856032934,37.218073276522176,38.15864182365693,206434400
2018-02-08,36.30089569091797,37.66963864747033,36.272820084061365,37.503516309901045,217562000
2018-02-09,36.74491500854492,37.0926057952475,35.295416555680326,36.8999676132487,282690400
2018-02-12,38.22495651245117,38.50216852680545,37.00333379549357,37.235912711121244,243278000
2018-02-13,38.607872009277344,38.70419286398582,37.97591830186138,38.04639706346999,130196800
2018-02-14,39.31970977783203,39.359646916272006,38.26489040714786,38.30247598263867,162579600
2018-02-15,40.63999557495117,40.663486108266305,39.7026361874886,39.8882268148844,204588800
2018-02-16,40.508445739746094,41.0699245010743,40.35339670210545,40.49200271994035,160704400
2018-02-20,40.3721809387207,40.938351927509956,40.271160528345504,40.41916559216763,135722000
2018-02-21,40.188934326171875,40.90545828630088,40.174835705295834,40.60240425439604,149886400
2018-02-22,40.524871826171875,40.865514959365235,40.339281236814955,40.36042378787491,123967600
2018-02-23,41.22966384887695,41.264901443927855,40.76920562691521,40.799747265758924,135249600
2018-02-26,42.04485321044922,42.14352204456397,41.39645647853849,41.42934608991008,152648800
2018-02-27,41.90859603881836,42.39959224122291,41.85456387295106,42.075395661320265,155712400
2018-02-28,41.84516525268555,42.43248231982833,41.828722238848975,42.112981691914705,151128400
2018-03-01,41.11219787597656,42.235147908327306,40.562469918991304,41.943837330028686,195208000
2018-03-02,41.396461486816406,41.417604042820585,40.51313424362813,40.59536007435443,153816000
2018-03-05,41.53977966308594,41.7559119990515,40.999447030821884,41.161547178971134,113605600
2018-03-06,41.50453567504883,41.87572061331402,41.37767672423165,41.795846326329126,95154000
2018-03-07,41.11924743652344,41.311889179650166,40.94070431594449,41.09810487975081,126814000
2018-03-08,41.567955017089844,41.61024012699742,41.128642980010106,41.22496025858815,95096400
2018-03-09,42.28213119506836,42.28683073553249,41.673671546479305,41.80758156446404,128740800
2018-03-12,42.69091033935547,42.848310909275334,42.33617206249424,42.35496305722243,128828400
2018-03-13,42.279788970947266,43.10908053311904,42.108293360008226,42.895296221645985,126774000
2018-03-14,41.92034912109375,42.40899741596787,41.77234405342869,42.36201276130099,117473600
2018-03-15,41.96968078613281,42.34321720616517,41.83342636615037,41.934443192119986,90975200
2018-03-16,41.82168197631836,42.080099379873786,41.727709078453145,41.969683465319356,157618800
2018-03-19,41.18269348144531,41.692484513340425,40.797413441525926,41.657246906064515,133787200
2018-03-20,41.1685905456543,41.535075929863396,41.0981117599141,41.1685905456543,78597600
2018-03-21,40.23592758178711,41.133346395785146,40.23357601878862,41.121599334891776,148219600
2018-03-22,39.66740798950195,40.56717485041183,39.608676265256136,39.93757248715271,165963200
2018-03-23,38.748836517333984,39.91877126601318,38.748836517333984,39.55933346018585,164115200
2018-03-26,40.58831787109375,40.665844171294374,39.10123029749921,39.48416225720845,150164800
2018-03-27,39.54759216308594,41.147443725030264,39.213996406406345,40.80210090680353,163690400
2018-03-28,39.110626220703125,39.94226938848122,38.80757212089568,39.291520923138435,166674000
2018-03-29,39.41603469848633,40.348694771240936,39.20929788093871,39.42308221865727,153594000
2018-04-02,39.157615661621094,39.68855277274752,38.638429197641905,39.14822016248353,150347200
2018-04-03,39.55933380126953,39.64390761423454,38.734741813385234,39.38313865631738,121112000
2018-04-04,40.315799713134766,40.40976902587753,38.708900806216754,38.73474290492594,138422000
2018-04-05,40.59536361694336,40.931307318434605,40.42621598475072,40.54367941906786,107732800
2018-04-06,39.55698013305664,40.52017796942348,39.51469144030749,40.1654397524392,140021200
2018-04-09,39.949310302734375,40.66348632700051,39.902325651152246,39.90937316965461,116070800
2018-04-10,40.70107650756836,40.87727164396476,40.297002041323346,40.64234479543622,113634400
2018-04-11,40.51079559326172,40.85848640483897,40.336948395123066,40.46145936652641,89726400
2018-04-12,40.91017150878906,41.112208792528925,40.65175047678454,40.738675870113404,91557200
2018-04-13,41.048770904541016,41.30953987307731,40.84203769697408,41.06051796495608,100497200
2018-04-16,41.30483627319336,41.3917580517207,41.07225742493238,41.11924207319854,86313600
2018-04-17,41.87335968017578,42.03780774506262,41.443443148950855,41.4622377256092,106421600
2018-04-18,41.779380798339844,42.0096116408246,41.55385308021811,41.77233328119219,83018000
2018-04-19,40.59536361694336,41.20382334637826,40.562473998722545,40.82089140340053,139235200
2018-04-20,38.93207550048828,40.22417309688834,38.86394471070118,40.07851960585239,261964400
2018-04-23,38.81930923461914,39.21398457367162,38.54914123935694,39.19284202008641,146062000
2018-04-24,38.27899932861328,39.075401577392036,37.87492467177028,38.9203489238986,134768000
2018-04-25,38.44577407836914,38.8615955688351,38.1544671050226,38.20379973161242,113528400
2018-04-26,38.57968521118164,38.934423442282075,38.3799959671343,38.556191093752886,111852000
2018-04-27,38.133323669433594,38.60552529366012,37.73629676460138,38.527999011826125,142623200
2018-04-30,38.824012756347656,39.293866490425344,38.020563301238745,38.08869410011174,169709600
2018-05-01,39.72613525390625,39.74962579014744,38.82636490930883,39.0941813984154,214277600
2018-05-02,41.481048583984375,41.75826063293078,40.83030000247239,41.1662437822668,266157600
2018-05-03,41.55622482299805,41.69953039478505,40.98065455702421,41.318949912370606,136272800
2018-05-04,43.18659591674805,43.285264746794,41.85690931168847,41.875703886654165,224805200
2018-05-07,43.49905776977539,44.0887228912663,43.402736897928456,43.50375372593912,169805600
2018-05-08,43.70814895629883,43.74808609775909,43.14902180645542,43.459127024429044,113611200
2018-05-09,44.015892028808594,44.02528752495806,43.51314874438485,43.825601865665355,92844800
2018-05-10,44.64548873901367,44.72301501533817,44.08401381475316,44.10515995171336,111957200
2018-05-11,44.47570037841797,44.82237483155684,44.20685116971051,44.68795202646433,104848800
2018-05-14,44.37192916870117,44.6973795056611,44.30353925656138,44.574745471679925,83115200
2018-05-15,43.96866226196289,44.11723805875026,43.65264721346762,44.04884454020393,94780800
2018-05-16,44.37900161743164,44.4450380927892,43.86488799085089,43.88139800932075,76732400
2018-05-17,44.09836196899414,44.55116036327544,43.949786202651836,44.33655172267472,69176000
2018-05-18,43.93799591064453,44.29174501015402,43.895547745993916,44.145529867217114,73190800
2018-05-21,44.249298095703125,44.63606364482012,44.07949823525937,44.336555057853765,73603200
2018-05-22,44.138465881347656,44.54409856840905,44.04884826953651,44.42618217329871,60962800
2018-05-23,44.42145919799805,44.45447564073993,43.80829257733751,43.94743664180622,80233600
2018-05-24,44.37192916870117,44.53465433718114,43.91441666990919,44.51814791639791,92936000
2018-05-25,44.47333908081055,44.725678244441816,44.25401275871705,44.390796181399885,69844000
2018-05-29,44.31296920776367,44.51342847074933,44.07006178001697,44.24222226649526,90056400
2018-05-30,44.21863555908203,44.336551920572916,44.048835710653414,44.270519046019764,74762000
2018-05-31,44.070068359375,44.39080106892208,43.8979114457168,44.152611267873816,109931200
2018-06-01,44.86482620239258,44.869540266724215,44.27760132608851,44.334202484769676,93770000
2018-06-04,45.23979949951172,45.614772730208344,45.12660078050418,45.19499069863809,105064800
2018-06-05,45.58884048461914,45.73741630826925,45.36480003207524,45.532242912579584,86264000
2018-06-06,45.74683380126953,45.77041851462867,45.2610189336562,45.66429450155658,83734400
2018-06-07,45.62420654296875,45.798720479292754,45.36007140934705,45.78457108970132,85388800
2018-06-08,45.209144592285156,45.27989514815871,44.753989040222194,45.08415350293508,106627200
2018-06-11,45.098297119140625,45.27281465481039,44.85775029790672,45.12659949697931,73234000
2018-06-12,45.34592819213867,45.423753444007204,45.07943599015152,45.13603715474393,67644400
2018-06-13,44.97330093383789,45.4874181569556,44.91198571944777,45.37893351770335,86553600
2018-06-14,44.99688720703125,45.178479423187866,44.860103786934765,45.173761760833635,86440400
2018-06-15,44.53466033935547,44.84596132945059,44.39787689811876,44.81530191719264,246876800
2018-06-18,44.511070251464844,44.62426895299645,44.1478858362066,44.30825396202139,73939600
2018-06-19,43.79179763793945,43.94273050126758,43.263530817029334,43.66208886511294,134314000
2018-06-20,43.982810974121094,44.147893191048695,43.80121873623951,43.94743749853748,82514800
2018-06-21,43.737552642822266,44.4191092904368,43.61491857931583,44.159691771196826,102847600
2018-06-22,43.61019515991211,43.90026845785163,43.558311662911876,43.89319376267183,108801600
2018-06-25,42.96165084838867,43.610190899003925,42.62205111884842,43.251724117986754,126652400
2018-06-26,43.49462127685547,43.989871365121026,43.048897636824975,43.155025226111356,98276800
2018-06-27,43.43096160888672,44.166758662861064,43.400302198797014,43.683300788900816,101141200
2018-06-28,43.74697494506836,43.91441778022943,43.34605999142176,43.416810535835204,69460800
2018-06-29,43.654998779296875,44.145531311824726,43.136167469409244,43.93327968606021,90950800
2018-07-02,44.14316940307617,44.17147177813843,43.25643961910087,43.35077487177182,70925200
2018-07-03,43.374359130859375,44.32476482948047,43.28474153395483,44.287030725676225,55819200
2018-07-05,43.723392486572266,43.961585878435855,43.459260945558434,43.690376043945534,66416800
2018-07-06,44.3294792175293,44.43796025980042,43.676221537946965,43.728105027214696,69940800
2018-07-09,44.94500732421875,44.96858844083861,44.64314168271515,44.690307514477155,79026400
2018-07-10,44.89077377319336,45.11009654430228,44.85067903151692,44.97567372296649,63756400
2018-07-11,44.30826950073242,44.75635040038795,44.24459363443675,44.45448469142617,75326000
2018-07-12,45.0511360168457,45.14075362545193,44.64550334429064,44.69738684416554,72164400
2018-07-13,45.12187957763672,45.24215298223861,45.02046962595416,45.06292139132797,50055600
2018-07-16,45.022830963134766,45.43317764323029,44.907271620687844,45.16668908392699,60172400
2018-07-17,45.15018081665039,45.24923014322557,44.6195571109476,44.749265847601635,62138000
2018-07-18,44.902549743652344,45.23271772028795,44.791708074173755,45.228000058165804,65573600
2018-07-19,45.25157928466797,45.40958676064822,44.73510509981773,44.73510509981773,81147200
2018-07-20,45.147830963134766,45.381303127712265,44.84832230515157,45.228013249989196,82704800
2018-07-23,45.18791961669922,45.27046253001605,44.70446169267782,44.968593257655385,63957600
2018-07-24,45.515716552734375,45.67136701702628,45.29167618059886,45.386007832491124,74791600
2018-07-25,45.9449348449707,45.95200953909044,45.38129115760423,45.52986693116255,66839600
2018-07-26,45.80108642578125,46.21379379653587,45.65958531639916,45.89541809968751,76304000
2018-07-27,45.039337158203125,46.032194609591265,44.83180678717591,45.98502877974518,96096000
2018-07-30,44.7869987487793,45.327054166940535,44.58890010095334,45.256303621710636,84118000
2018-07-31,44.876609802246094,45.312901803761946,44.65256942249011,44.8789704326629,157492000
2018-08-01,47.52030563354492,47.58162086147488,46.53216569994232,46.96138309102007,271742800
2018-08-02,48.909366607666016,49.14284238639819,47.24910519891767,47.30334573794805,249616000
2018-08-03,49.05085754394531,49.227732115734135,48.458915007304384,48.82445650870577,133789600
2018-08-06,49.305564880371094,49.34801305678485,48.833899283651526,49.053222058835125,101701600
2018-08-07,48.84332275390625,49.40696290274609,48.760779849027344,49.36451473350938,102349600
2018-08-08,48.8763427734375,49.00840855209186,48.2325203032362,48.59334416224635,90102000
2018-08-09,49.2607421875,49.472990206787024,48.86454132670314,49.41403202381597,93970400
2018-08-10,49.11402130126953,49.48557902120588,48.9104936737248,49.07378955771502,98444800
2018-08-13,49.43113708496094,49.9233899602011,49.154245519727546,49.535267986992444,103563600
2018-08-14,49.639400482177734,49.83109437109607,49.28677602737051,49.73643188137967,82992000
2018-08-15,49.7553596496582,49.873689554409076,49.30333854683576,49.513965632846634,115230400
2018-08-16,50.48426818847656,50.600229174565996,50.046446132066016,50.112710584443356,114001600
2018-08-17,51.49245834350586,51.580021345614256,50.446422082464224,50.51268656154246,141708000
2018-08-20,50.99073791503906,51.87110932189364,50.90790551488635,51.61551983641066,121150800
2018-08-21,50.891334533691406,51.4001553976594,50.65230937590978,51.3078581970167,104639200
2018-08-22,50.89370346069336,51.203727298569135,50.60734344206001,50.66887731660461,76072400
2018-08-23,50.997833251953125,51.36702204650788,50.78720612628316,50.799036230072055,75532800
2018-08-24,51.15639877319336,51.331524767256205,50.907905185486186,51.26052969460536,73905600
2018-08-27,51.577640533447266,51.76696910721527,51.19661808777822,51.39067725781233,82100400
2018-08-28,51.994171142578125,52.192964560685056,51.80957673845841,51.83087525943924,91107200
2018-08-29,52.770416259765625,52.89111510335813,51.92554241033305,52.10066840120375,109019200
2018-08-30,53.25556182861328,54.019972076612355,52.63314531345547,52.83430761557534,195175200
2018-08-31,53.870880126953125,54.164336015200355,53.485123435107745,53.605818652582734,173360400
2018-09-04,54.043636322021484,54.23769549548698,53.63421584694756,54.05547003518039,109560400
2018-09-05,53.6910285949707,54.35367701544728,53.27214318574436,54.192750022078755,133332000
2018-09-06,52.79880905151367,53.80461332013757,52.372820639044484,53.539551857299855,137160000
2018-09-07,52.37282943725586,53.336033220872075,52.23320098200579,52.502993086702105,150479200
2018-09-10,51.66994857788086,52.502992310884245,51.22976108607632,52.28999626644421,158066000
2018-09-11,52.97631072998047,53.082806943997085,51.25105834056841,51.59421441290767,142996000
2018-09-12,52.31838607788086,53.24845740046068,52.027291910736004,53.2342583896033,197114800
2018-09-13,53.58216094970703,54.04128166600447,52.67338793396075,52.89821408368517,166825600
2018-09-14,52.973941802978516,53.68392137771475,52.66155266788886,53.42596299890154,127997200
2018-09-17,51.563446044921875,52.76330953149824,51.41908340101543,52.573980941124496,148780400
2018-09-18,51.64864730834961,52.502989516991164,51.383585819005404,51.542147486225396,126286800
2018-09-19,51.67941665649414,51.97524150544351,50.95287270526893,51.710183596350696,108495200
2018-09-20,52.072265625,52.60475027848478,51.8640038049603,52.12196578156135,106435200
2018-09-21,51.511375427246094,52.38701600738887,51.42380884143232,52.24975288340984,384986800
2018-09-24,52.25212860107422,52.36335902352826,51.267626333584346,51.31259228450954,110773600
2018-09-25,52.58345413208008,52.732550997350124,51.99416978895151,52.006003504013755,98217600
2018-09-26,52.16456985473633,52.952647681500984,52.00837346864391,52.30183301725907,95938800
2018-09-27,53.236637115478516,53.5892616223279,52.902945831595176,52.969213917547854,120724800
2018-09-28,53.42360305786133,53.44726687937326,53.01654777196668,53.19877328106708,91717600
2018-10-01,53.78331756591797,54.294503721470214,53.56795984146107,53.946613444314615,94403200
2018-10-02,54.26137161254883,54.43176699813006,53.634224437244896,53.78095239271763,99152800
2018-10-03,54.92164993286133,55.2529722591602,54.37969688559939,54.44359605250793,114619200
2018-10-04,53.95607376098633,54.98791072252861,53.65788007610717,54.616353071097365,128168000
2018-10-05,53.08043670654297,54.05547775401999,52.202430676368174,53.948981542667234,134322000
2018-10-08,52.95737075805664,53.201130092168086,52.11249343818389,52.5881820039128,118655600
2018-10-09,53.6910285949707,53.78569471854929,52.59766104842754,52.926618154183444,107564000
2018-10-10,51.20371627807617,53.567949063458784,51.1303523152718,53.357321978476975,167962400
2018-10-11,50.7516975402832,51.946830350297546,50.2476145806156,50.76826546098694,212497600
2018-10-12,52.56451416015625,52.746743237513996,51.31731586452513,52.164558475955246,161351600
2018-10-15,51.440391540527344,52.49826149053623,51.4190930180517,52.33969980464552,123164000
2018-10-16,52.573974609375,52.772771591453676,51.29837839581864,51.81192974297592,116736000
2018-10-17,52.3467903137207,52.68994635769821,51.90896816755255,52.60948287919308,91541600
2018-10-18,51.12327194213867,52.003647047544305,50.40855804234303,51.558725285783076,130325200
2018-10-19,51.90187072753906,52.363356709270114,51.456949057386716,51.606045917308556,132314800
2018-10-22,52.218997955322266,52.860347780678396,51.81431160695901,52.01547032624564,115168400
2018-10-23,52.71124267578125,52.834306797919794,50.810864538749705,51.078291300952,155071200
2018-10-24,50.90316390991211,53.066234694184615,50.77300027621806,52.68048161214551,163702000
2018-10-25,52.01782989501953,52.391752849252924,51.29601671156717,51.52321173088781,119423200
2018-10-26,51.18952178955078,52.11012838089742,50.33044545379852,51.09485569116432,189033600
2018-10-29,50.22868728637695,51.99180242637242,48.77322705892924,51.87347250273323,183742000
2018-10-30,50.47956085205078,50.92447903896748,49.52582167857386,49.970739865490565,146640000
2018-10-31,51.795379638671875,52.17166796781139,51.265260226318844,51.32679410406147,153435600
2018-11-01,52.590553283691406,52.623685518956215,51.310222601060566,51.840341976440314,233292800
2018-11-02,49.10219192504883,50.562382982053656,48.61703843860605,49.59207962031137,365314800
2018-11-05,47.708255767822266,48.370904034951764,46.898879557030305,48.34960551625416,264654800
2018-11-06,48.22418212890625,48.44900828041715,47.73192917201314,47.78635993032477,127531600
2018-11-07,49.686737060546875,49.712769789684685,48.30937854826853,48.74483182553473,133697600
2018-11-08,49.513370513916016,49.900469550137,49.1001442948678,49.86722171346018,101450400
2018-11-09,48.55867385864258,48.92440003499794,48.031455613431376,48.81515870418388,137463200
2018-11-12,46.11257553100586,47.46149553599907,46.02232984925231,47.25963133957427,204542000
2018-11-13,45.6518440246582,46.8273967148012,45.46660559463527,45.50935487588611,187531600
2018-11-14,44.36231231689453,46.18620004766759,44.15569737370678,46.04845796012335,243204000
2018-11-15,45.45712661743164,45.59011799426368,44.386064076083116,44.73991897952376,185915200
2018-11-16,45.96058654785156,46.30256638175238,44.99402206817327,45.241005490578,147713200
2018-11-19,44.139076232910156,45.28850573158445,43.93246490893677,45.122266527022944,167701200
2018-11-20,42.03019714355469,43.09650870762466,41.68109304931267,42.36030195645278,271300800
2018-11-21,41.98271179199219,42.811537992827844,41.92809110860415,42.683293715968375,124496800
2018-11-23,40.916385650634766,41.939951460996944,40.871266438053844,41.545724560613166,94496000
2018-11-26,41.46973419189453,41.548104874515914,40.434296833953724,41.37949212830179,179994000
2018-11-27,41.37948226928711,41.50534931703304,40.581530700774955,40.7311441285485,165549600
2018-11-28,42.97065353393555,43.05377133611235,41.543362476736235,41.97083736594521,184250000
2018-11-29,42.64054489135742,43.41237317618883,42.201195033571544,43.379125333484275,167080000
2018-11-30,42.4101676940918,42.82576738444724,42.042064386457206,42.81626593365804,158126000
2018-12-03,43.89209747314453,43.92059459018368,43.034774172698484,43.80660249828381,163210000
2018-12-04,41.96133041381836,43.31499758229476,41.86158689864037,42.97301774526017,165377200
2018-12-06,41.49347686767578,41.50772542131723,40.47228824638183,40.79051802351422,172393600
2018-12-07,40.013954162597656,41.43886790910072,39.96883131415951,41.20138228468355,169126400
2018-12-10,40.27756118774414,40.39392681826417,38.788525387961656,39.185125924591716,248104000
2018-12-11,40.04720687866211,40.79765878910287,39.66010410415537,40.766788118317066,189126800
2018-12-12,40.158809661865234,40.828517056992325,40.13981038220844,40.467537990997414,142510800
2018-12-13,40.59815979003906,40.98288889960045,40.2656814225094,40.48891845088322,127594400
2018-12-14,39.29911422729492,40.15406379663115,39.251617834274576,40.135064514674504,162814800
2018-12-17,38.93339157104492,39.98070398320627,38.64603238784971,39.29199353840662,177151600
2018-12-18,39.43922424316406,39.78595109238684,39.040246662989354,39.27535864543561,135366000
2018-12-19,38.209049224853516,39.76695382167182,37.78157451871634,39.42260050585698,196189200
2018-12-20,37.244869232177734,38.498792982639806,36.88151653310877,38.09269098875768,259092000
2018-12-21,35.796207427978516,37.56072751526206,35.53497541336422,37.251995476406,382978400
2018-12-24,34.8700065612793,35.9909387378282,34.8130087201228,35.18348562828449,148676800
2018-12-26,37.32560729980469,37.33985585447229,34.843883771660536,35.219111414123994,234330000
2018-12-27,37.0833740234375,37.23061755574268,35.63946480198552,37.009754069156195,212468400
2018-12-28,37.10237503051758,37.646219094911956,36.70340095377201,37.40398276332058,169165600
2018-12-31,37.46098327636719,37.845708823973354,37.16174907379083,37.64859532308761,140014000
2019-01-02,37.503726959228516,37.724590460067255,36.6274044817337,36.784145853458895,148158800
2019-01-03,33.7680778503418,34.60640172363963,33.72295500680148,34.19317547745964,365248800
2019-01-04,35.20960998535156,35.27848283128066,34.15042635194018,34.323789806748884,234428400
2019-01-07,35.13124084472656,35.34498004544206,34.64914539714357,35.3141057597988,219111200
2019-01-08,35.80095291137695,36.05506423362693,35.271361057087084,35.51834447775036,164101200
2019-01-09,36.408931732177734,36.69866457325209,35.53498610409679,35.929209608207124,180396400
2019-01-10,36.52527618408203,36.565648290377936,35.82706812801261,36.21654426234322,143122800
2019-01-11,36.16667938232422,36.50153493832651,35.98144090958733,36.306798636311406,108092800
2019-01-14,35.62284469604492,35.924452462452855,35.43760619352494,35.82470893215311,129756800
2019-01-15,36.3519172668457,36.427910763494,35.634709844065036,35.68695695839793,114843600
2019-01-16,36.7960205078125,37.01925755806657,36.33529785069117,36.354297134089684,122278800
2019-01-17,37.0145149230957,37.44198983365644,36.397050760758674,36.62028785981504,119284800
2019-01-18,37.242488861083984,37.49422298571699,37.042998228056234,37.40397730943639,135004000
2019-01-22,36.406551361083984,37.221125412180456,36.245059232557935,37.145131887501456,121576000
2019-01-23,36.55378723144531,36.84351998595546,36.02656885020508,36.60840791094517,92522400
2019-01-24,36.26405715942383,36.68678131637326,36.03607297019486,36.59891278758119,101766000
2019-01-25,37.465728759765625,37.553600900151864,36.64878130027886,36.924261855530716,134142000
2019-01-28,37.11899948120117,37.12612375920128,36.49203765099391,36.99787950771421,104768400
2019-01-29,36.734275817871094,37.553604147254646,36.59891089197935,37.10712999950282,166348800
2019-01-30,39.244503021240234,39.4582386532504,38.05232406307242,38.76953172900132,244439200
2019-01-31,39.527099609375,40.13506210044691,39.080625569606816,39.4487289349215,162958400
2019-02-01,39.546104431152344,40.13031699712782,39.405985168485806,39.65059867839811,130672400
2019-02-04,40.66941833496094,40.766788323008775,39.726599996653896,39.75747429133821,125982000
2019-02-05,41.36524200439453,41.578981228642604,40.93064652495009,41.051762882070676,144406400
2019-02-06,41.37948226928711,41.69533847596294,41.04937750984635,41.47684858776138,112958400
2019-02-07,40.595787048339844,41.30824381331951,40.45329424584691,40.94251397800082,126966800
2019-02-08,40.643489837646484,40.70311587039723,40.16886530680823,40.304814408336355,95280000
2019-02-11,40.40974807739258,40.834288725227694,40.36681908607748,40.796127195647315,83973600
2019-02-12,40.75796890258789,40.784204501347254,40.47414841763224,40.569552249159045,89134000
2019-02-13,40.588626861572266,41.137187031192965,40.52661710438461,40.877218430046,89960800
2019-02-14,40.736515045166016,40.846224930971815,40.397839543176595,40.47654636001206,87342800
2019-02-15,40.645877838134766,40.95116286674207,40.486080490292245,40.843836724374356,98507200
2019-02-19,40.76750564575195,40.88914507060669,40.42406278544301,40.4765339806188,75891200
2019-02-20,41.029869079589844,41.337541474435355,40.78182636217737,40.82952646483924,104457600
2019-02-21,40.79852294921875,41.11096283125137,40.61726108922249,40.97501734607539,68998800
2019-02-22,41.254058837890625,41.26121367050578,40.87483815215059,40.92253824934637,75652800
2019-02-25,41.554569244384766,41.945715831476846,41.48778838604835,41.53787584944258,87493600
2019-02-26,41.57843017578125,41.809779499488094,41.30176447990518,41.430558762837144,68280800
2019-02-27,41.707210540771484,41.738217238147755,41.19681191554491,41.311296503110974,111341600
2019-02-28,41.297000885009766,41.716770607277816,41.24214593786257,41.576054002328995,112861600
2019-03-01,41.73107147216797,41.77400047236852,41.234982402793754,41.56650302616348,103544800
2019-03-04,41.94095993041992,42.39411639965305,41.4925709243222,41.9027983896276,109744800
2019-03-05,41.86463165283203,41.97672889044358,41.62851124268091,41.9624192242437,78949600
2019-03-06,41.62375259399414,41.855101951305556,41.485419725962615,41.65952676706904,83241600
2019-03-07,41.141971588134766,41.604670285672434,41.027490599237154,41.46872115443744,99185600
2019-03-08,41.23975372314453,41.27791526082564,40.426453692828076,40.622028843980345,95997600
2019-03-11,42.66838455200195,42.7208557482408,41.821697858468866,41.855088288867776,128044000
2019-03-12,43.14777374267578,43.567539610964324,42.78047542355031,42.93073415767286,129870400
2019-03-13,43.338584899902344,43.71780557424151,43.15016460861008,43.46737552238741,124130000
2019-03-14,43.82036209106445,43.9086110924784,43.5413127001033,43.86090735580744,94318000
2019-03-15,44.39038848876953,44.67898009371108,43.82275112158004,44.08749085728255,156171600
2019-03-18,44.843544006347656,44.931789362919865,44.311677218092875,44.31406458834656,104879200
2019-03-19,44.488182067871094,45.07490392114361,44.34269438014027,44.92226139953133,126585600
2019-03-20,44.87693786621094,45.19414879506152,44.05886680985221,44.416623003991106,124140800
2019-03-21,46.529762268066406,46.82550865122841,45.27046095796305,45.32054841838831,204136800
2019-03-22,45.56621551513672,47.14988281885893,45.501818379976086,46.58939664841029,169630800
2019-03-25,45.01526641845703,45.788017395190856,44.504867775579754,45.67592017387485,175381200
2019-03-26,44.5501823425293,46.002675178612826,44.02309028279383,45.71169986519132,199202000
2019-03-27,44.950870513916016,45.25853921871362,44.492943053204904,45.01765137448114,119393600
2019-03-28,45.010494232177734,45.210836803591036,44.72667376970035,45.065349156408665,83121600
2019-03-29,45.30385971069336,45.33486641281112,44.96756800695002,45.2752403790673,94256000
2019-04-01,45.611541748046875,45.71648053267406,44.929419631902334,45.706941966538885,111448000
2019-04-02,46.274574279785156,46.379516683711444,45.56621669256709,45.57575525688568,91062800
2019-04-03,46.5917854309082,46.866063737526034,46.06707340893333,46.090925278762874,93087200
2019-04-04,46.672874450683594,46.835055514550795,46.06468818261306,46.45821854703762,76457200
2019-04-05,46.98530960083008,47.00916146750853,46.730108456649496,46.85413161266641,74106400
2019-04-08,47.72467803955078,47.755681101848495,46.82790017839874,46.84698094558115,103526800
2019-04-09,47.58157730102539,48.38056764876141,47.51718016237022,47.77715244831723,143072800
2019-04-10,47.84869384765625,47.87731681584689,47.26674323132718,47.38599528748367,86781200
2019-04-11,47.45039749145508,47.93933170184318,47.328761691309175,47.903557536883895,83603200
2019-04-12,47.43132019042969,47.734221486599644,46.79690190331519,47.51002699837706,111042800
2019-04-15,47.51716613769531,47.665041139824325,47.226190873249585,47.362139943698025,70146400
2019-04-16,47.52195358276367,48.02758123423002,47.357385131107456,47.572041057335646,102785600
2019-04-17,48.44734573364258,48.50697176693292,47.369306032753535,47.59111312973718,115627200
2019-04-18,48.62145233154297,48.69061692830525,48.30185766916621,48.44495796431432,96783200
2019-04-22,48.781253814697266,48.87904139023964,48.258929140631615,48.37579748500796,77758000
2019-04-23,49.484832763671875,49.54922989372461,48.63098759521515,48.75739448502875,93292000
2019-04-24,49.40852737426758,49.72335100308434,49.38229176859243,49.456227482962845,70162400
2019-04-25,48.960121154785156,49.55161030134446,48.92195962551455,49.32980323611612,74172800
2019-04-26,48.72640609741211,48.89335830033673,48.20646507769248,48.869506425939605,74596400
2019-04-29,48.80033493041992,49.12470072433398,48.621456815525065,48.75024745696415,88818800
2019-04-30,47.86062240600586,48.51173764933064,47.48855655267741,48.43064712012503,186139600
2019-05-01,50.20988464355469,51.352317692477015,49.90221231353754,50.05724216362862,259309200
2019-05-02,49.88313674926758,50.71790119448601,49.63986515980281,50.04770517932468,127985200
2019-05-03,50.503257751464844,50.524722253231914,50.140730395831206,50.298144020692696,83569600
2019-05-06,49.72333526611328,49.809196890304364,48.53558583087321,48.724002474337155,129772400
2019-05-07,48.3829460144043,49.47052422124375,47.898782941090104,49.10322947707866,155054800
2019-05-08,48.392494201660156,48.974444953507046,48.11821586434312,48.153990033807155,105358000
2019-05-09,47.872535705566406,48.10149756751724,46.90420979431565,47.79621265872734,139634400
2019-05-10,47.20934295654297,47.60918188331269,46.15349214662306,47.26680569139999,164834800
2019-05-13,44.46556854248047,45.36579626358833,43.77842680351272,44.94202086357993,229722400
2019-05-14,45.169471740722656,45.418469654624175,44.39134823649402,44.630770853179754,146118800
2019-05-15,45.7105598449707,45.90928103046059,44.53739063067478,44.59724627738985,106178800
2019-05-16,45.50944519042969,46.08166501987308,45.21255987117796,45.468743789558665,132125600
2019-05-17,45.25088119506836,45.705782772217404,44.71457313979075,44.75527455220516,131516400
2019-05-20,43.83588409423828,44.137558916174555,43.163107155315394,43.93883771462418,154449200
2019-05-21,44.67627716064453,45.01146747841895,44.221371839892996,44.34587266648084,113459200
2019-05-22,43.76166534423828,44.46317550697471,43.70659916562799,44.211781030181115,118994400
2019-05-23,43.0146598815918,43.22534925933381,42.57172666496303,43.0481788953211,146118800
2019-05-24,42.84946823120117,43.608437527210064,42.76566884967899,43.143957042131575,94858800
2019-05-28,42.67228698730469,43.237324443115924,42.595673658588964,42.83748915813703,111792800
2019-05-29,42.46877670288086,42.94043945879135,42.138372386702336,42.23892942786569,113924800
2019-05-30,42.68905258178711,42.91171385804956,42.29879255396897,42.605253206009266,84873600
2019-05-31,41.91571807861328,42.61483166128946,41.89656383142089,42.19344552965514,108174400
2019-06-03,41.4919319152832,42.598063014392494,40.766481823880554,42.042604554336634,161584400
2019-06-04,43.0098762512207,43.05536713031265,41.78403369307506,42.00430204941067,123872000
2019-06-05,43.70420837402344,44.290796781787606,43.369018129557915,44.120805094973164,119093600
2019-06-06,44.345848083496094,44.40570372515362,43.61081905035835,43.83348393703956,90105200
2019-06-07,45.52619934082031,45.949978304421165,44.477530988810955,44.65470134906222,122737600
2019-06-10,46.10801315307617,46.776000721416004,45.87816580771754,45.92365669453953,104883600
2019-06-11,46.64191436767578,46.92682783549049,46.35221507841626,46.65388622788541,107731600
2019-06-12,46.49348449707031,46.91965651730608,46.30194564843296,46.4360217464892,73012800
2019-06-13,46.48390197753906,47.11597757221876,46.35222245417614,46.615585154201376,86698400
2019-06-14,46.14631271362305,46.349819729325915,45.56212099174863,45.86139923834012,75046000
2019-06-17,46.4216423034668,46.67782620889428,46.009835187677666,46.1846126421805,58676400
2019-06-18,47.5134162902832,47.95395301650747,46.73768937090985,46.9388034867993,106204000
2019-06-19,47.374542236328125,47.85578393485164,47.240466183129016,47.80789649873899,84496800
2019-06-20,47.7552375793457,48.03057213210239,47.41286133169161,47.97310938789001,86056000
2019-06-21,47.59242248535156,48.08802900374868,47.44158508352656,47.597211960109185,191202400
2019-06-24,47.54453659057617,47.92282470708887,47.446372455538985,47.53495764148546,72881600
2019-06-25,46.82387924194336,47.7073455597451,46.75683755347193,47.508624365019834,84281200
2019-06-26,47.836631774902344,48.12154522701095,47.250047189954486,47.35060423423424,104270000
2019-06-27,47.82227325439453,48.26041706742118,47.78157184924549,47.953952766753574,83598800
2019-06-28,47.38652801513672,47.76481622109825,47.178231489393795,47.568487904600694,124442400
2019-07-01,48.25564193725586,48.9595452017511,48.04015933304089,48.64350551022255,109012000
2019-07-02,48.53813552856445,48.633906746442946,48.21012778391434,48.22209964281145,67740800
2019-07-03,48.940372467041016,48.94755485247247,48.52856532024344,48.66982377146037,45448000
2019-07-05,48.89727783203125,49.100788508582276,48.57884532744974,48.68658842285855,69062000
2019-07-08,47.889305114746094,48.21970578842082,47.50383461771007,48.07844734407372,101354400
2019-07-09,48.181400299072266,48.24604176393507,47.59960154221708,47.69297620031747,82312000
2019-07-10,48.65785217285156,48.77756346841761,48.25801688405682,48.32745148133247,71588400
2019-07-11,48.30350875854492,48.93558426605638,48.29393346215335,48.677007423897294,80767200
2019-07-12,48.67462158203125,48.842216692964875,48.41125522677883,48.4711108844908,70380800
2019-07-15,49.131927490234375,49.28994367519334,48.84222445342626,48.863771616834306,67789600
2019-07-16,48.961917877197266,49.34738837923282,48.722495295890674,48.983465032723174,67467200
2019-07-17,48.686588287353516,49.103181282791674,48.66743404051857,48.854183380535474,56430000
2019-07-18,49.239654541015625,49.29232780714967,48.770384620902945,48.84221213411293,74162400
2019-07-19,48.5046272277832,49.440770539487346,48.449561048653315,49.2707788735222,83717200
2019-07-22,49.61315155029297,49.615544461109494,48.74883581666229,48.75841111322735,89111600
2019-07-23,50.001014709472656,50.017776044989866,49.62990895028045,49.91003660607573,73420800
2019-07-24,49.9603157043457,50.07523753448428,49.60118178852593,49.720893093799184,59966400
2019-07-25,49.56527328491211,50.096791809335336,49.495838677205825,50.01299242853102,55638400
2019-07-26,49.7376594543457,50.21410815935007,49.59400441218691,49.6754072312038,70475600
2019-07-29,50.20212173461914,50.43196900474059,49.9052400917812,49.910029566010394,86693600
2019-07-30,49.986656188964844,50.31706058603145,49.634704632080684,49.981866713461145,135742800
2019-07-31,51.006595611572266,53.0009865627098,50.590002572472564,51.81584527199262,277125600
2019-08-01,49.90285873413086,52.2013175225248,49.49823754428213,51.2125008575506,216071600
2019-08-02,48.84699630737305,49.42400195472412,48.2747764812972,49.20852309178124,163448400
2019-08-05,46.289974212646484,47.56130789792777,46.10801431407637,47.4032917256457,209572000
2019-08-06,47.16624450683594,47.42242840063394,46.45755211897738,47.0010423552538,143299200
2019-08-07,47.65467834472656,47.77917913440648,46.404895585633525,46.78557668796127,133457600
2019-08-08,48.70574188232422,48.72968560566816,47.73847610399667,47.932407841865114,108038000
2019-08-09,48.30439376831055,48.729779329509,47.895825895207196,48.37889619991547,98478800
2019-08-12,48.18180847167969,48.55913186457045,47.862166138995526,47.975122589913205,89927600
2019-08-13,50.22222900390625,50.98408177249858,48.18180694508748,48.31158840964559,188874000
2019-08-14,48.727352142333984,49.61417852146333,48.68889811132207,48.82588922161019,146189600
2019-08-15,48.48463439941406,49.301762666206294,47.98714483073128,48.89800620511257,108909600
2019-08-16,49.62861633300781,49.787236519570556,48.98933158147647,49.0950783725183,110481600
2019-08-19,50.553897857666016,51.125886205011135,50.476989765853084,50.61878493455606,97654400
2019-08-20,50.55629348754883,51.27488825272847,50.54668181087362,50.68126728740163,107537200
2019-08-21,51.104251861572266,51.34698612513652,50.85430792354824,51.18836961984207,86141600
2019-08-22,51.06099319458008,51.53685003904177,50.65002341946824,51.23643471626912,89014800
2019-08-23,48.70093536376953,50.96246310509183,48.30679055271319,50.332790008185185,187272000
2019-08-26,49.6262092590332,49.794441106144575,49.28253222326784,49.47479876304336,104174400
2019-08-27,49.066253662109375,50.12131253635142,48.91484310747593,49.95548262740634,103493200
2019-08-28,49.39549255371094,49.441156273048314,48.864360275642376,49.05181915815829,63755200
2019-08-29,50.23185348510742,50.30635957969884,49.66707477161969,50.109285330383344,83962000
2019-08-30,50.16695022583008,50.577916279082906,49.79683654379811,50.508221547031525,84573600
2019-09-03,49.43635177612305,49.743976816789676,49.08066101044846,49.61179332263298,80092000
2019-09-04,50.27511215209961,50.344806902391355,49.82569194490394,50.08284558735108,76752400
2019-09-05,51.2580680847168,51.42389794369397,50.83267892479877,50.950443061493466,95654800
2019-09-06,51.25326156616211,51.53204789572798,51.07301235316033,51.44312612414458,77449200
2019-09-09,51.47195816040039,52.017513401260366,50.72693037676321,51.6329803297721,109237600
2019-09-10,52.08000564575195,52.09923266869462,50.88074988553813,51.39746283359591,127111600
2019-09-11,53.735897064208984,53.764739433347756,52.32754966606249,52.40926543357923,177158400
2019-09-12,53.615726470947266,54.41603338856972,53.56045107438245,54.02669627568618,128906800
2019-09-13,52.57269287109375,53.06296917048097,52.156919001140764,52.873108258928575,159053200
2019-09-16,52.849063873291016,52.904342934889065,52.286687250476454,52.32754329567108,84632400
2019-09-17,53.04133987426758,53.070182245036186,52.661614385904336,52.86349631256455,73274800
2019-09-18,53.5388298034668,53.5580568283564,52.73852276993989,53.12785993920919,101360000
2019-09-19,53.103824615478516,53.77675209631372,52.96202577677849,53.35617058720185,88242400
2019-09-20,52.32754898071289,53.48835439269536,52.26506390489358,53.20476404800031,221652400
2019-09-23,52.565486907958984,52.83465794097343,52.30832955756246,52.62076231641439,76662000
2019-09-24,52.31552505493164,53.47152631609086,52.197764593494576,53.12063959985759,124763200
2019-09-25,53.12063980102539,53.2335962580172,52.1857474445808,52.52461681555622,87613600
2019-09-26,52.84666442871094,53.09901405388438,52.59191280094367,52.8731011259611,75334000
2019-09-27,52.58950424194336,53.103815105725225,52.21939052658369,53.00287233449689,101408000
2019-09-30,53.82722091674805,53.973823753885995,53.06296236123528,53.08939905865949,103909600
2019-10-01,53.976226806640625,54.84863417143314,53.882497362527516,54.09158894337955,139223200
2019-10-02,52.6231575012207,53.73349145834526,52.37561187967944,53.60851764627017,138449200
2019-10-03,53.07017135620117,53.103817725877704,51.70268021152755,52.49577373492866,114426000
2019-10-04,54.55782699584961,54.67318912519149,53.80799149102436,54.22857296123739,138478800
2019-10-07,54.56985092163086,55.259603442439,54.276645225102136,54.37999002003267,122306000
2019-10-08,53.930564880371094,54.81018194958028,53.91374352685756,54.271839962271294,111820000
2019-10-09,54.56264114379883,54.745292369499005,54.22857939735441,54.56264114379883,74770400
2019-10-10,55.29805374145508,55.38217150680817,54.62752828997779,54.77893513356194,113013600
2019-10-11,56.768890380859375,57.11256378651316,55.83159227355159,55.98540478852595,166795600
2019-10-14,56.68717575073242,57.230329070079826,56.39877773778656,56.45405313736609,96427600
2019-10-15,56.55500030517578,57.11497135397821,56.44925350323164,56.81215396701269,87360000
2019-10-16,56.32667541503906,56.53576699278494,56.04548708687691,56.08634313450599,73903200
2019-10-17,56.545379638671875,56.75446755281839,56.122396137875576,56.49971591783996,67585200
2019-10-18,56.81695556640625,57.09814389578318,56.307448635792866,56.37954905370019,97433600
2019-10-21,57.80230712890625,57.917669247282575,57.03565034507903,57.083716060812975,87247200
2019-10-22,57.670135498046875,58.208477458025,57.58841973582485,57.95853350048938,82293600
2019-10-23,58.444007873535156,58.458430892193235,57.97295861174259,58.1844522125686,75828800
2019-10-24,58.540130615234375,58.833336257215784,58.114741500691004,58.763637850238034,69275200
2019-10-25,59.26113510131836,59.297183477090634,58.37190638286585,58.43919912909384,73477200
2019-10-28,59.85475158691406,59.902817306683154,59.29477696701474,59.46300881979624,96572800
2019-10-29,58.470436096191406,60.022984167085156,58.29740023636161,59.83552529068843,142839600
2019-10-30,58.463226318359375,58.953506199746954,57.970548101650635,58.82372472112932,124522000
2019-10-31,59.78506088256836,59.88359800446322,57.0212394670206,59.41975843149152,139162000
2019-11-01,61.4818115234375,61.50824455627897,59.88119750508098,59.97252128655309,151125200
2019-11-04,61.88556671142578,61.969684482565675,61.37606341335742,61.84470699366309,103272000
2019-11-05,61.79663848876953,62.0513901112309,61.60196993451809,61.777407799701365,79897600
2019-11-06,61.82307815551758,61.883161230177926,61.37365793055572,61.710121681781736,75864400
2019-11-07,62.536590576171875,62.758363326737026,62.218397769161385,62.3702628523427,94940400
2019-11-08,62.70773696899414,62.78005016402804,61.914667933692066,62.35820602811514,69986400
2019-11-11,63.204322814941406,63.26940470655906,62.25938848011843,62.264206908852415,81821200
2019-11-12,63.14644241333008,63.346521158465045,62.89575179355254,63.047609486611634,87388800
2019-11-13,63.751529693603516,63.82625581932823,62.93194784746093,62.94641049396367,102734400
2019-11-14,63.31038284301758,63.85034108012296,63.18021171215137,63.577949069175574,89182800
2019-11-15,64.06245422363281,64.067272650884,63.39955633590938,63.56105824716516,100206400
2019-11-18,64.3854751586914,64.4650196804653,63.69365188987565,64.07210078681992,86703200
2019-11-19,64.19023895263672,64.60243902243361,63.973291934658384,64.57833216346258,76167200
2019-11-20,63.442955017089844,64.13959672655233,62.77041280435066,64.00943296128311,106234400
2019-11-21,63.158512115478516,63.640619743137286,62.95843333042811,63.56348075718102,121395200
2019-11-22,63.10307693481445,63.44055085554972,62.876485725953685,63.29832996596771,65325200
2019-11-25,64.20950317382812,64.22637870631682,63.2814445198713,63.327245332981434,84020400
2019-11-26,63.708099365234375,64.39992246936977,63.276611081313426,64.34689034868465,105207600
2019-11-27,64.56385040283203,64.59760146667433,63.95398456897874,64.01906644818817,65235600
2019-11-29,64.42162322998047,64.60241356645375,64.09619915305304,64.26493974297915,46617600
2019-12-02,63.676780700683594,64.66268998393599,63.50563454094097,64.42645458192374,94487200
2019-12-03,62.54141616821289,62.56069723689113,61.77968521879456,62.26661128399151,114430400
2019-12-04,63.09341812133789,63.471874346050804,62.83790168645125,62.931916197819106,67181600
2019-12-05,64.01907348632812,64.09380694214096,63.332075950010655,63.58759242350244,74424400
2019-12-06,65.25567626953125,65.32558393574297,64.43368187672564,64.4770771543204,106075600
2019-12-09,64.34207153320312,65.2773539234181,63.857551131523714,65.08451386193346,128042400
2019-12-10,64.71814727783203,65.10142205791261,64.08657994334212,64.74707256593162,90420400
2019-12-11,65.27015686035156,65.34970876083788,64.72296719751874,64.79769331229033,78756800
2019-12-12,65.43647766113281,65.70163837389192,64.43851852305019,64.54940123697496,137310400
2019-12-13,66.32595825195312,66.3621148543044,65.3087108196568,65.43646905221725,133587600
2019-12-16,67.46131134033203,67.68549695987365,66.76708259212,66.77190101970982,128186000
2019-12-17,67.59390258789062,67.9217322522176,67.20580211215017,67.39141826173947,114158400
2019-12-18,67.43238067626953,67.95305771312601,67.28292851276375,67.44684331426187,116028400
2019-12-19,67.49989318847656,67.77951652381924,67.24197117220628,67.37454784079026,98369200
2019-12-20,67.36006164550781,68.13384213651304,67.14793316484396,68.03260367934506,275978000
2019-12-23,68.45928192138672,68.51954537378231,67.58425541558223,67.62282490788083,98572000
2019-12-24,68.52438354492188,68.67384312928314,68.19896669332938,68.62562941092395,48478800
2019-12-26,69.88391876220703,69.9007942963268,68.62803033131719,68.65695561473434,93121200
2019-12-27,69.85740661621094,70.86260446261116,69.45243789154644,70.17559948118166,146266000
2019-12-30,70.27200317382812,70.55403936484663,68.75336713216096,69.77543291987965,144114400
2019-12-31,70.78545379638672,70.79268511683624,69.78990032835488,69.88873327875099,100805600
2020-01-02,72.4005126953125,72.46077614730521,71.15667416341765,71.40977771923563,135480400
2020-01-03,71.6966323852539,72.45595040957373,71.47245410922795,71.6291376132339,146322800
2020-01-06,72.26792907714844,72.30649856939735,70.5685026643333,70.81920068576198,118387200
2020-01-07,71.92805480957031,72.53309491165653,71.70869494472285,72.2775784441153,108872000
2020-01-08,73.08509826660156,73.38641550034151,71.63154422529517,71.63154422529517,132079200
2020-01-09,74.63749694824219,74.83033706552648,73.81068409472688,74.06137477592067,170108400
2020-01-10,74.80622100830078,75.37029336253585,74.30483235122053,74.87131024106992,140644800
2020-01-13,76.40442657470703,76.43094632364196,75.0039042885127,75.1220256778742,121532000
2020-01-14,75.37273406982422,76.5514912091606,75.24980157927621,76.34177548655019,161954400
2020-01-15,75.04969024658203,76.05247495120804,74.61820187883205,75.17263004032235,121923600
2020-01-16,75.98979187011719,76.10068190640935,75.23047392822782,75.59205460116348,108829200
2020-01-17,76.83108520507812,76.83349074089385,75.93195182564011,76.23808752279956,137816400
2020-01-21,76.31040954589844,76.90098699093934,76.1730071029982,76.45986173724447,110843200
2020-01-22,76.58280181884766,77.13480977194556,76.48878729766383,76.79492300181599,101832400
2020-01-23,76.95161437988281,77.03115890447519,76.08863757604202,76.63583446102108,104472000
2020-01-24,76.72984313964844,77.93993070377184,76.53940855639385,77.19748815287878,146537600
2020-01-27,74.47357940673828,75.15334557711078,73.49248860994267,74.74114561147599,161940000
2020-01-28,76.58039093017578,76.7515370876536,75.25459488094803,75.35342783283777,162234000
2020-01-29,78.18339538574219,79.0294966511186,77.46987813568431,78.20991513135742,216229200
2020-01-30,78.07009887695312,78.12313101118072,76.8359045055242,77.26739289963146,126743200
2020-01-31,74.60855865478516,77.78323285410741,74.31447274556798,77.36138873428479,199588400
2020-02-03,74.40367126464844,75.56795795185045,72.85128411079334,73.35267280813538,173788400
2020-02-04,76.8600082397461,77.05044280806926,75.60170706629567,76.00667569866678,136616400
2020-02-05,77.48675537109375,78.28464294726993,76.88412080562057,77.98573120045752,118826800
2020-02-06,78.39313507080078,78.3955479637908,77.19992270532863,77.75675661382517,105425600
2020-02-07,77.32757568359375,78.14185419958179,76.83707515288589,77.89297969136727,117684000
2020-02-10,77.69480895996094,77.69480895996094,75.83429386411699,75.91402717049185,109348800
2020-02-11,77.2260513305664,78.26262851927434,77.00858949259958,78.19014369789785,94323200
2020-02-12,79.05998992919922,79.0648197921596,77.67547099896561,77.67547099896561,113730400
2020-02-13,78.49703216552734,78.82322871837643,78.12976332478873,78.33272826628952,94747600
2020-02-14,78.51634979248047,78.76522420824622,78.00893385896474,78.4656030374421,80113600
2020-02-18,77.07865905761719,77.25987847546425,76.01791785904396,76.19913727689102,152531200
2020-02-19,78.19498443603516,78.42453202537972,77.32029972520789,77.32029972520789,93984000
2020-02-20,77.39278411865234,78.4438584118609,76.88778679879077,77.9557766771897,100566000
2020-02-21,75.64097595214844,77.42901329626612,75.0248329307541,76.98683382307465,129554000
2020-02-24,72.04801940917969,73.49777501677713,69.8854717188165,71.82572767869755,222195200
2020-02-25,69.60758972167969,73.09908711151304,69.13642361597664,72.71732141374063,230673600
2020-02-26,70.7118148803711,71.9755209333374,69.22581713906433,69.23306562077462,198054800
2020-02-27,66.08953094482422,69.10502562675568,65.9542209950426,67.92105987924694,320605600
2020-02-28,66.05084228515625,67.27105731603613,61.94562123770189,62.160671794936235,426510000
2020-03-02,72.20023345947266,72.83571074634416,67.10434419306169,68.20615768991611,341397200
2020-03-03,69.9072265625,73.45429398937054,69.05669843915538,73.37456066472664,319475600
2020-03-04,73.14982604980469,73.30930003617219,70.82780458094045,71.62758575768213,219178400
2020-03-05,70.77705383300781,72.37902717401828,70.41219640582361,71.40527520257908,187572800
2020-03-06,69.8371353149414,70.26964775134793,67.95245619771107,68.13850549074616,226176800
2020-03-09,64.3135757446289,67.19375264320037,63.54761831737935,63.72883776125021,286744800
2020-03-10,68.9455337524414,69.21132371848606,65.0867678159455,66.96420578722295,285290000
2020-03-11,66.55101776123047,67.95003374263217,65.68841155580724,67.0246098194062,255598800
2020-03-12,59.978797912597656,65.23899494473845,59.92322498627828,61.841735279374994,418474000
2020-03-13,67.16476440429688,67.6359379478289,61.119282212065336,64.00430027982446,370732000
2020-03-16,58.52421951293945,62.60044418179931,57.99022457275424,58.46139441002403,322423600
2020-03-17,61.0975227355957,62.245242026979696,57.60361074150865,59.80482274842446,324056000
2020-03-18,59.601863861083984,60.406478598445545,57.29433564123959,57.93464652653443,300233600
2020-03-19,59.14518737792969,61.09269153777121,58.62085961850456,59.77583112302971,271857200
2020-03-20,55.39032745361328,60.848656123776394,55.09070998430256,59.72509337905043,401693200
2020-03-23,54.213600158691406,55.21151627155354,51.372080998658355,55.11003383943649,336752800
2020-03-24,59.65260314941406,59.8483195377774,56.612948896316425,57.11069765855371,287531200
2020-03-25,59.32398986816406,62.39988643227555,59.02920598580545,60.587692247407915,303602000
2020-03-26,62.44580078125,62.503788640032134,59.526959345508246,59.565620375975534,252087200
2020-03-27,59.860416412353516,61.82483295199707,59.69369391072969,61.07096113970106,204216800
2020-03-30,61.568702697753906,61.74025873047765,60.26150553022684,60.585287078823825,167976400
2020-03-31,61.44305419921875,63.424386025978244,60.88973245903772,61.75958725464871,197002000
2020-04-01,58.2100944519043,60.09719207609643,57.78000065964953,59.56078230159109,176218400
2020-04-02,59.18143844604492,59.234596446659125,57.241182484383906,58.072376290076036,165934000
2020-04-03,58.330902099609375,59.36747545856447,57.741334387528624,58.666761911075945,129880000
2020-04-06,63.4195442199707,63.57418094682844,60.256662375458305,60.62393105385243,201820400
2020-04-07,62.68500900268555,65.64976368215225,62.58111162954673,65.43229446081726,202887200
2020-04-08,64.28941345214844,64.60352421399418,63.1199448269442,63.484794969799864,168895200
2020-04-09,64.7533187866211,65.25590475851683,63.95837493137018,64.92487847473,161834800
2020-04-13,66.0242919921875,66.13302662112467,64.23142416734326,64.83065918840516,131022800
2020-04-14,69.35871887207031,69.64867293181604,67.1840855454915,67.6552590491188,194994800
2020-04-15,68.72566223144531,69.18475002856255,67.80748663721087,68.23516188327974,131154400
2020-04-16,69.27171325683594,69.63657063800945,68.22305798705365,69.43843567778042,157125200
2020-04-17,68.3318099975586,69.33456350529407,66.89655138464681,68.7884865443206,215250000
2020-04-20,66.91345977783203,68.06118282102301,66.89413295001411,67.15992291899424,130015200
2020-04-21,64.84515380859375,66.99079338426836,64.13477293897611,66.75641592219942,180991600
2020-04-22,66.71292877197266,67.14785254874984,65.77058900639604,66.11127511969602,116862400
2020-04-23,66.4543685913086,68.07809487584751,66.41570756383898,66.65733345514633,124814400
2020-04-24,68.37287902832031,68.38254612868516,66.93037215656294,66.97870028455014,126161200
2020-04-27,68.42122650146484,68.75225288764294,67.64319061344894,68.09019274144761,117087600
2020-04-28,67.3121566772461,69.06394488685403,67.2203450064915,68.88272541689459,112004800
2020-04-29,69.52303314208984,69.99178804731254,68.59519043374839,68.79815533490073,137280800
2020-04-30,70.98968505859375,71.16607461666706,69.67282835408629,70.06184250590752,183064000
2020-05-01,69.8468017578125,72.24614521202258,69.06876605288338,69.16541493960355,240616800
2020-05-04,70.83504486083984,70.96310628408554,69.18232470328076,69.8709599457229,133568000
2020-05-05,71.8982162475586,72.72941009570229,71.14917433658927,71.2941513796541,147751200
2020-05-06,72.6400146484375,73.27065487426464,72.21475059268822,72.59893499011841,142333600
2020-05-07,73.39147186279297,73.7370026138725,72.96379653826914,73.26582900938926,115215200
2020-05-08,75.13829803466797,75.19159993074032,73.72338371341871,74.05046319414457,133838400
2020-05-11,76.32061004638672,76.81485582493812,74.4380900872954,74.64645469079235,145946400
2020-05-12,75.44843292236328,77.45451148487108,75.32729289469059,77.00386673715238,162301200
2020-05-13,74.5374526977539,76.54838146254056,73.46172873051864,75.62771287585991,200622400
2020-05-14,74.995361328125,75.05593133463293,73.05469595359499,73.77669309293739,158929200
2020-05-15,74.5519790649414,74.59801285788724,72.73487900802405,72.76880175811006,166348400
2020-05-18,76.30850219726562,76.68161544536761,75.18432690881329,75.87482634655969,135178400
2020-05-19,75.8675537109375,77.17101374486556,75.83605613168199,76.32545901161194,101729600
2020-05-20,77.34305572509766,77.41331160943199,76.68647152801736,76.72523721961544,111504800
2020-05-21,76.76642608642578,77.74523944094076,76.52898900422082,77.204952332668,102688800
2020-05-22,77.26066589355469,77.34304019898961,76.4029926993938,76.5047461498377,81803200
2020-05-26,76.73733520507812,78.55685269616119,76.68160815192094,78.37756788987811,125522000
2020-05-27,77.0716781616211,77.21704762323688,75.85543536682479,76.59439371595593,112945200
2020-05-28,77.10559844970703,78.36303205284943,76.4708261278027,76.7470214416537,133560800
2020-05-29,77.03048706054688,77.80820362136383,76.6743352421508,77.34787320010697,153532400
2020-06-01,77.97783660888672,78.09897663549869,76.8536536129034,76.98448691190845,80791200
2020-06-02,78.33881378173828,78.36304326033381,77.27035810172477,77.71130947324757,87642800
2020-06-03,78.77007293701172,79.03173947926652,78.08684155798949,78.65862620653965,104491200
2020-06-04,78.09169006347656,78.89121109253435,77.71857679947686,78.59321142956854,87560400
2020-06-05,80.3157958984375,80.37636588026136,78.31214356147102,78.34121596973901,137250400
2020-06-08,80.7906723022461,80.82459504521165,79.30307721267422,80.01295571139336,95654400
2020-06-09,83.34188842773438,83.73438081455681,80.43937898287314,80.47087656345983,147712400
2020-06-10,85.48605346679688,85.95365197826031,83.85066386558994,84.28918996715056,166651600
2020-06-11,81.3818588256836,85.05482488773967,81.28010535582771,84.63083484447448,201662400
2020-06-12,82.08444213867188,84.26496163650457,80.97480324748997,83.51874266162812,200146000
2020-06-15,83.09959411621094,83.75132774522946,80.57745905775505,80.73978987055543,138808800
2020-06-16,85.30194091796875,85.57330073439438,83.51876362996565,85.15172849785749,165428800
2020-06-17,85.18321228027344,86.10629835837992,85.06207229738494,86.04572836693566,114406400
2020-06-18,85.2171401977539,85.63386205994001,84.60901508072114,85.13960882948713,96820400
2020-06-19,84.73017120361328,86.38736569840516,83.62294970746999,85.92219218783181,264476000
2020-06-22,86.94703674316406,87.08998107946098,85.0766345392279,85.12266833831674,135445200
2020-06-23,88.8028793334961,90.22021867227018,87.77076426941889,88.18991128978877,212155600
2020-06-24,87.23533630371094,89.3504433677871,86.86222303304002,88.43220009652119,192623200
2020-06-25,88.39344024658203,88.43220593644023,86.63206719010891,87.39040482402382,137522400
2020-06-26,85.67747497558594,88.50972868089589,85.52968033530838,88.28925300034977,205256800
2020-06-29,87.65205383300781,87.74654657742667,85.10811395697272,85.58540582946648,130646000
2020-06-30,88.38373565673828,88.66963165860406,87.22079468512266,87.24017383067029,140223200
2020-07-01,88.216552734375,89.00396260480164,88.16810117862731,88.46125786012283,110737200
2020-07-02,88.216552734375,89.75745712558465,88.10268825115901,89.12268481304834,114041600
2020-07-06,90.57638549804688,91.0439841546096,89.61210837219791,89.6436059572989,118655600
2020-07-07,90.2953109741211,91.73202923655452,90.18386427254704,90.95431270334508,112424400
2020-07-08,92.39832305908203,92.42982064230873,91.18449788463136,91.27172253001288,117092000
2020-07-09,92.79566955566406,93.34321735378231,91.74901813164107,93.28991545550893,125642800
2020-07-10,92.9579849243164,93.01613714978424,91.78050772022172,92.39105063414506,90257200
2020-07-13,92.52916717529297,96.86840340129038,92.31595956581418,94.26146791160848,191649200
2020-07-14,94.06037902832031,94.25177492913492,90.9785767404952,91.91134894412532,170989200
2020-07-15,94.70724487304688,96.18272909779543,93.51038115292206,95.93318100843004,153198000
2020-07-16,93.54186248779297,94.39711039249674,92.9434307316656,93.58062816600412,110577600
2020-07-17,93.3529052734375,94.14758336972574,92.8804563206502,93.99252801605422,92186800
2020-07-20,95.32020568847656,95.45830704424495,93.09607736485056,93.44011817142827,90318000
2020-07-21,94.00465393066406,96.18517425379802,93.75510578943518,96.11006803417185,103433200
2020-07-22,94.26870727539062,94.94951336084341,93.61939876725305,93.70661600246667,89001600
2020-07-23,89.97794342041016,94.0797418561393,89.16872914510222,94.00221048521436,197004400
2020-07-24,89.75506591796875,90.09910684479081,86.39221761603645,88.17782780856305,185438800
2020-07-27,91.88228607177734,91.97435367606579,90.59336179314079,90.81625530413335,121214000
2020-07-28,90.37287139892578,91.63030527715343,90.36802106656002,91.45343820318753,103625600
2020-07-29,92.10515594482422,92.28929109136294,90.81864987240843,90.85499038980474,90329200
2020-07-30,93.21965026855469,93.32382888856975,90.87195660039106,91.27898520449537,158130000
2020-07-31,102.97869110107422,103.12890351490226,97.7115189842411,99.7079111699714,374336800
2020-08-03,105.5735092163086,108.19013023936542,104.56078059833798,104.85878026409463,308151200
2020-08-04,106.27852630615234,107.36878610733102,105.04047188715032,105.76246881725352,173071600
2020-08-05,106.66377258300781,106.98358396526419,105.53474686841106,105.99992773294753,121776800
2020-08-06,110.38517761230469,110.87943083941089,106.40694450020551,106.995683074286,202428800
2020-08-07,107.87550354003906,110.363351174005,107.07939259345517,109.90704232526846,198045600
2020-08-10,109.44344329833984,110.46042737696229,106.79540187658976,109.31965534861051,212403600
2020-08-11,106.1885986328125,109.20556664025784,105.92888988244533,108.70800016951561,187902400
2020-08-12,109.71771240234375,109.97499163666492,107.08423344754698,107.27840393895296,165598000
2020-08-13,111.65946197509766,112.66188375277733,110.60849386446708,111.09635710424106,210082000
2020-08-14,111.55992126464844,111.64972529333073,109.75167818563322,111.4846796510428,165565200
2020-08-17,111.26868438720703,112.7055714063434,110.64247816985842,112.68129823978218,119561600
2020-08-18,112.19586181640625,112.62061629597079,110.68616274132592,111.02111317320909,105633600
2020-08-19,112.33661651611328,113.74923011045664,112.24196081309763,112.60360648521876,145538000
2020-08-20,114.82933807373047,114.94341528440668,112.36090456064325,112.37789651709356,126907200
2020-08-21,120.74675750732422,121.22976157375017,115.77591472831364,115.78804760558032,338054800
2020-08-24,122.1909408569336,125.03316047656546,120.32687724435412,124.94820069131609,345937600
2020-08-25,121.18850708007812,121.53316822878249,119.4676456893335,121.06472653687041,211495600
2020-08-26,122.8365478515625,123.29285663343889,121.43849667426107,122.50402701142234,163022400
2020-08-27,121.36811828613281,123.77101327398971,120.22491675397727,123.43849242247208,155552400
2020-08-28,121.17153930664062,122.7589022198581,120.94823653884207,122.34142892911956,187630000
2020-08-31,125.28069305419922,127.18359922499916,122.32926337671675,123.86323528248487,225702700
2020-09-01,130.27099609375,130.87294402694218,126.72733558856538,128.89236599971812,151948100
2020-09-02,127.57200622558594,133.96031728758618,123.3001943928012,133.58167948792692,200119000
2020-09-03,117.35843658447266,125.08653940539764,116.98950967695433,123.2127726268104,257599600
2020-09-04,117.43610382080078,120.0962780604988,107.65947073062564,116.57203254505438,332607200
2020-09-08,109.5332260131836,115.5234742472564,109.3973052116453,110.63030317049355,231366600
2020-09-09,113.90216827392578,115.6691467263431,111.90218370886298,113.8439185975471,176940500
2020-09-10,110.1837387084961,116.98952122909824,109.22258206036143,116.85360038621577,182274400
2020-09-11,108.73714447021484,111.87304930648419,106.79540974753245,111.23227329257654,180860300
2020-09-14,111.9992446899414,112.55263871695288,109.51382694155708,111.37789025284532,140150100
2020-09-15,112.17401123046875,115.36816560750079,110.30023700342959,114.88273194668369,184642000
2020-09-16,108.86333465576172,112.6205933237319,108.77596016463926,111.8730288513231,154679000
2020-09-17,107.12549591064453,108.9313097079175,105.54298485481058,106.52356291630672,178011000
2020-09-18,103.72745513916016,107.64975978247199,102.99930468969426,107.18374764280628,287104900
2020-09-21,106.8730697631836,106.97986575435861,100.0964130289504,101.49446425369291,195713800
2020-09-22,108.55266571044922,109.57207929386054,105.97987340331184,109.39732289119372,183055400
2020-09-23,103.99928283691406,108.8439074250732,103.65947343791431,108.36818463645258,150718700
2020-09-24,105.06726837158203,107.03812795513899,101.94107424298952,102.10611991881453,167743300
2020-09-25,109.00899505615234,109.16433740208637,104.53329556197552,105.27115689090073,149981400
2020-09-28,111.61091613769531,111.96042899652844,109.49442489570826,111.65946247086177,137672400
2020-09-29,110.7662582397461,111.9507176542682,110.26141045029476,111.21286376254167,99382200
2020-09-30,112.4361343383789,113.84389630124348,110.30994008853341,110.47498574403602,142675200
2020-10-01,113.38758087158203,114.29048766143629,112.45554925094682,114.21281650793448,116120400
2020-10-02,109.72743225097656,112.00897660747881,108.95074276136629,109.60122215328667,144712000
2020-10-05,113.10603332519531,113.25166489244758,110.2419779334605,110.59149073201426,106243800
2020-10-06,109.86333465576172,112.73710064616577,108.97984195840537,112.32933079739347,161498200
2020-10-07,111.72740936279297,112.18371817362878,110.80508099423795,111.28081129884058,96849000
2020-10-08,111.62062072753906,113.0089613382161,111.25168639294162,112.86332975388186,83477200
2020-10-09,113.56234741210938,113.59147224549314,111.57206651675105,111.92157933161523,100506900
2020-10-12,120.7759017944336,121.53317715466372,115.80505821466257,116.56233357489269,240226800
2020-10-13,117.572021484375,121.73704283997935,116.16426694681041,121.62053610441286,262330500
2020-10-14,117.6594009399414,119.44579307201987,116.13513969852242,117.47493379758126,150712000
2020-10-15,117.19337463378906,117.66909747078712,114.70795706091747,115.26135104884993,112559200
2020-10-16,115.55261993408203,118.00892036442943,115.34873869497103,117.74678205190853,115393800
2020-10-19,112.60120391845703,116.91185012257559,112.29052664782569,116.46525200898868,120639300
2020-10-20,114.08663177490234,115.51380805714416,112.26139629791038,112.81479042703165,124423700
2020-10-21,113.46526336669922,115.25165563302974,113.05749347361974,113.27108546353527,89946000
2020-10-22,112.37789916992188,114.60118635769001,111.25168945435153,114.02837075211397,101988000
2020-10-23,111.68858337402344,113.15459517987493,110.95072209723901,112.99925284491812,82572600
2020-10-26,111.69828796386719,113.15458894171616,109.59150025316038,110.688585063703,111850700
2020-10-27,113.203125,113.86331505621116,111.20314074462335,112.12546171107986,92276800
2020-10-28,107.96043395996094,112.06720563801413,107.86334871753533,111.69827875394513,143937800
2020-10-29,111.9604263305664,113.52352341003616,108.93131742851756,109.09637051307503,146129200
2020-10-30,105.68861389160156,108.72742584588708,104.58182577242385,107.82451896896531,190272600
2020-11-02,105.60122680664062,107.45558679697702,104.19347226654686,105.93132552110745,122866900
2020-11-03,107.22259521484375,108.24200151383607,105.56241289323033,106.46531984784082,107624400
2020-11-04,111.60118865966797,112.22254311397377,109.07693526315951,110.81478854874675,138235500
2020-11-05,115.56233215332031,116.13514770518474,113.46526266207991,114.51379370413532,126387100
2020-11-06,115.43103790283203,115.92702909027747,112.94132478624495,115.07119461202119,114457900
2020-11-09,113.1261215209961,118.64043465344767,112.86353836131654,117.19134868504119,154515300
2020-11-10,112.78572845458984,114.36124218625869,110.99624681601809,112.37726248118744,138023400
2020-11-11,116.2090835571289,116.3452388928094,113.24283383562194,113.97224059958567,112295000
2020-11-12,115.93678283691406,117.22053855488187,115.3143562718333,116.33552879699607,103162300
2020-11-13,115.98538208007812,116.38412051420482,114.63354904794981,116.16043996869443,81581900
2020-11-16,116.99683380126953,117.66788289766848,114.90586651270257,115.65472076865481,91183000
2020-11-17,116.11182403564453,117.35667698637204,115.69363055189307,116.26743436443991,74271000
2020-11-18,114.78916931152344,116.53002096182686,114.75999422898965,115.35324564020682,76322100
2020-11-19,115.38241577148438,115.7908817492475,113.60266161420516,114.36124340716778,74113000
2020-11-20,114.11811065673828,115.50884645150772,114.0694879933699,115.3824186228592,73604300
2020-11-23,110.72393798828125,114.39042656864258,110.62668524347754,113.96250558761568,127959300
2020-11-24,112.0076675415039,112.66899644070665,109.49850723983113,110.78226988526035,113874200
2020-11-25,112.84408569335938,113.54431736019659,112.00769869351593,112.37726952874067,76499200
2020-11-27,113.38872528076172,114.26401500522827,113.02888930841627,113.36927769573373,46691300
2020-11-30,115.78116607666016,117.64844554887398,113.6026659391683,113.75827627180732,169410200
2020-12-01,119.35039520263672,120.07980194572332,116.71480639467286,117.68734871878834,127728200
2020-12-02,119.70049285888672,119.98253098044769,117.57062311807923,118.66959310630676,89004200
2020-12-03,119.56433868408203,120.3812705585125,118.85437962376297,120.12840751265676,78967600
2020-12-04,118.89329528808594,119.48654668025314,118.18333614962214,119.23368360656494,78260400
2020-12-07,120.35211181640625,121.14959622013072,118.89329833984375,118.95164850453536,86712000
2020-12-08,120.9648208618164,121.54835223688058,119.7102402772839,120.95510078016575,82225500
2020-12-09,118.43621826171875,122.49171849360195,117.67763633862232,121.11070999668743,115089200
2020-12-10,119.85612487792969,120.46883134674633,116.85097238388342,117.19136074438724,81312200
2020-12-11,119.04889678955078,119.38928508279156,117.23996766557605,119.06834436920384,86939800
2020-12-14,118.43621826171875,119.9631096099772,118.20281015151447,119.23370277316755,79184500
2020-12-15,124.36872100830078,124.38817601169539,120.72168696233577,120.92591997852064,157243700
2020-12-16,124.30062866210938,124.84524997430788,123.08495079030278,123.91161767905837,98208600
2020-12-17,125.16616821289062,126.02201002953473,124.52428685040753,125.36067366945107,94359800
2020-12-18,123.18221282958984,125.55521844582084,122.65703909059238,125.41906311570027,192541500
2020-12-21,124.70909118652344,124.78689634893868,120.06034032088816,121.5872313887212,121251600
2020-12-22,128.25889587402344,130.7194269475822,126.09011564727457,127.99630527207523,168904800
2020-12-23,127.36412811279297,128.79375143883854,127.18906280686316,128.5311757396674,88223700
2020-12-24,128.34642028808594,129.79551379030826,127.5003131582361,127.71427367104259,54930100
2020-12-28,132.93679809570312,133.56894460120503,129.8441061270866,130.31093707619408,124486200
2020-12-29,131.16676330566406,134.979126993658,130.65131712079605,134.2594552546887,121047300
2020-12-30,130.04835510253906,132.2560302372561,129.73713444926724,131.85728434018318,96452100
2020-12-31,129.046630859375,131.04034539862676,128.10326370918978,130.39846396533886,99116600
2021-01-04,125.85670471191406,129.94137947234472,123.27946608977872,129.85385422543547,143301900
2021-01-05,127.41277313232422,128.12273976147537,124.9036119861187,125.35098801490136,97664900
2021-01-06,123.12385559082031,127.45167334436817,122.90989509434218,124.21310565475042,155088000
2021-01-07,127.3252182006836,128.01572966594065,124.34924155623901,124.83551263774474,109578200
2021-01-08,128.42422485351562,128.98830121735807,126.65419059044255,128.79378086858412,105158200
2021-01-11,125.43850708007812,126.59583484109754,124.97169091120101,125.64274750135974,100384500
2021-01-12,125.2634506225586,126.12901267192076,123.37671619500519,124.97168496595856,91951100
2021-01-13,127.29605865478516,127.84067995815208,124.96196311469332,125.22453884607683,88636800
2021-01-14,125.37045288085938,127.40306307368417,125.22456260703547,127.20855754840598,90221800
2021-01-15,123.64901733398438,126.64444915422231,123.5128620166925,125.24398598218208,111598500
2021-01-19,124.32009887695312,125.17594095218084,123.45453671989587,124.27146878816617,90757300
2021-01-20,128.40476989746094,128.85214592405728,125.02032655299224,125.12730680892926,104319500
2021-01-21,133.1118621826172,135.83498363825382,129.9219245699571,130.12616498605254,120150900
2021-01-22,135.25149536132812,136.01007733964045,131.31269518789352,132.53809342059313,114459400
2021-01-25,138.9957275390625,141.1061423033731,132.79090363932372,139.14161777095364,157611700
2021-01-26,139.22914123535156,140.33783872046894,137.48828243304504,139.6570621664172,98390600
2021-01-27,138.15933227539062,140.3378319835939,136.55464370074296,139.49171024148978,140843800
2021-01-28,133.32582092285156,138.09128711738055,132.94653001780165,135.68910643879175,142621100
2021-01-29,128.33668518066406,132.98543606950525,126.63473619885515,132.10041903740844,177523800
2021-02-01,130.45681762695312,131.66277536673383,127.3349504556567,130.07752674070377,106239800
2021-02-02,131.28346252441406,132.5672103709399,130.9138917801982,132.00313417601586,83305400
2021-02-03,130.2623291015625,132.04208344252265,129.94138833452192,132.03234852121233,89880900
2021-02-04,133.6175994873047,133.62731956895118,130.8944778045398,132.55753183488522,84183100
2021-02-05,133.20364379882812,133.84648451427685,132.32705363193958,133.77831254493844,75693800
2021-02-08,133.34971618652344,133.39841892980013,131.41145995524053,132.49259546322395,71297200
2021-02-09,132.47314453125,134.2945265238743,132.31731652057164,133.06728247906966,76774200
2021-02-10,131.8692626953125,133.42766158836056,130.90500170826476,132.93091432442992,73046600
2021-02-11,131.6160125732422,132.84324151471785,130.29137814000228,132.36597838425936,64280000
2021-02-12,131.84974670410156,132.00558952807881,130.2134416383095,130.85628214072338,60145100
2021-02-16,129.7264862060547,132.4731462786685,129.33687901923372,131.96667922879305,80576300
2021-02-17,127.43755340576172,128.78167180132837,126.10318447577991,127.83689508299388,97918500
2021-02-18,126.33695983886719,126.61941198787154,124.09676726976038,125.84021263400942,96856700
2021-02-19,126.49280548095703,127.31097309084008,125.45063790347744,126.85319396385569,87668800
2021-02-22,122.72344207763672,126.34670679460257,122.33384236261952,124.68116782712916,103916400
2021-02-23,122.58708953857422,123.41498433079913,115.31134105569778,120.54170021925478,158273000
2021-02-24,122.09033966064453,122.29487783267318,119.05147832650884,121.69100535268275,111039900
2021-02-25,117.84371948242188,123.17147632846172,117.40542445743719,121.43776543888308,148199500
2021-02-26,118.10671997070312,121.60336094633784,118.04827517596726,119.40212859655537,164560400
2021-03-01,124.46691131591797,124.60327011935185,119.59693281900122,120.53196779868955,116307900
2021-03-02,121.86632537841797,125.37270785746594,121.75918527388905,125.07077161615514,102260900
2021-03-03,118.88589477539062,122.44098002866822,118.6716145648539,121.56438254510716,112966300
2021-03-04,117.00606536865234,120.3858306141505,115.53533765690152,118.58394060046568,178155000
2021-03-05,118.26254272460938,118.76902459264008,114.51266119025206,117.8339897181949,153766600
2021-03-08,113.33411407470703,117.85345248459532,113.18801326724598,117.7852730985796,154376600
2021-03-09,117.94112396240234,118.88590088596752,115.70093853482196,115.93469539878758,129525800
2021-03-10,116.85999298095703,118.99303824849771,116.34376908141869,118.52552453136408,111943300
2021-03-11,118.78849792480469,120.00599237807343,118.10670400337277,119.35341713456053,103026500
2021-03-12,117.88268280029297,118.01904158578925,116.06131583787986,117.2690682655597,88105100
2021-03-15,120.76570129394531,120.77544332973144,117.28853761790177,118.25279852383531,92403800
2021-03-16,122.30461120605469,123.91170522216095,121.47671654048351,122.43122794234345,115227900
2021-03-17,121.51569366455078,122.58708734300565,119.15861865475401,120.82415767726631,111932600
2021-03-18,117.39566040039062,119.97674960924601,117.19112226503158,119.68454802673601,121229700
2021-03-19,116.8697280883789,118.27228410779664,116.56779183514182,116.7820720526636,185549500
2021-03-22,120.18132781982422,120.64884902153915,117.1327239795706,117.20090338075846,111912300
2021-03-23,119.3534164428711,121.0092059173222,118.96381673388366,120.12287382459728,95467100
2021-03-24,116.96712493896484,119.70405755554833,116.94764829711929,119.62613612617307,88530500
2021-03-25,117.45410919189453,118.49629146995656,115.90545997424265,116.43141841542507,98844700
2021-03-26,118.05801391601562,118.32099690748782,115.82756294666447,117.22037704784019,94071200
2021-03-29,118.23333740234375,119.39239466300633,117.59050410460476,118.48657836496697,80819200
2021-03-30,116.78206634521484,117.26906411360106,115.76911009525196,116.98660451621751,85671900
2021-03-31,118.97356414794922,120.30793336547684,117.99956854695249,118.48656634745086,118323800
2021-04-01,119.80144500732422,120.95075998024407,119.30470522783453,120.44428559619276,75089100
2021-04-05,122.62603759765625,122.87927851383142,119.86962848939254,120.64882787870255,88651200
2021-04-06,122.92798614501953,123.82406033078875,122.3825509764638,123.21044576616356,80171300
2021-04-07,124.57405090332031,124.5935275475856,121.88582070386657,122.55788011147936,83466700
2021-04-08,126.97007751464844,126.9992961961062,125.17792902926334,125.59674003815452,88844600
2021-04-09,129.54141235351562,129.58036563750287,126.1032091394081,126.42462946477704,106686700
2021-04-12,127.8271713256836,129.39530463290586,127.23303349221449,129.07388434312833,91420000
2021-04-13,130.93423461914062,131.15826433043802,128.49924537282473,128.99599269074992,91266500
2021-04-14,128.59666442871094,131.4894331469025,128.23629073814718,131.43099577675665,87222800
2021-04-15,131.00238037109375,131.48937806764056,130.16474373855363,130.3400706375454,89347100
2021-04-16,130.6712646484375,131.16799709740084,129.81414368991753,130.8076234498389,84922400
2021-04-19,131.3335418701172,131.94716375459052,129.87254870669761,130.03812614844625,94264200
2021-04-20,129.64854431152344,132.00561168739057,128.3823471626382,131.50887932231677,94812300
2021-04-21,130.02841186523438,130.27191076385841,127.88562452974153,128.9180574819885,68847100
2021-04-22,128.50901794433594,130.66154050233413,127.99280132027316,129.58040448812767,84566500
2021-04-23,130.82705688476562,131.60624124145804,128.72322345292264,128.72322345292264,78657500
2021-04-26,131.21669006347656,131.5478450047434,130.08685158645528,131.32383017529745,66905100
2021-04-27,130.895263671875,131.88874331170373,130.62254610203854,131.49913616765673,66015800
2021-04-28,130.10630798339844,131.50886374451756,129.61931028089822,130.81732046769145,107760100
2021-04-29,130.00894165039062,133.50559750247544,129.00572727008065,132.92119413868548,151101000
2021-04-30,128.04147338867188,130.08685531571498,127.66161568350715,128.35314426527148,109839500
2021-05-03,129.09335327148438,130.58358001612103,128.40182480933737,128.6063555356659,75135100
2021-05-04,124.52534484863281,128.0706959218244,123.40524834260499,127.77849424860072,137564700
2021-05-05,124.76882934570312,127.05770985077288,124.64220517501703,125.84021547722773,84000900
2021-05-06,126.36620330810547,126.37593791446682,123.82406658932013,124.56430537762937,78128300
2021-05-07,127.03939056396484,128.0638111341248,126.3271553590937,127.66380595625425,78973300
2021-05-10,123.76117706298828,126.38566999347752,123.72215017730588,126.25884564134007,88071200
2021-05-11,122.8440933227539,123.19532046962064,119.78054551827158,120.4927732833166,126142800
2021-05-12,119.7805404663086,121.60500854306753,119.27320577012671,120.39520469554279,112172300
2021-05-13,121.92697143554688,123.07823863645709,121.23426088704589,121.54646856304096,105861300
2021-05-14,124.34658813476562,124.77587651193251,122.78554964091157,123.17581112527975,81918000
2021-05-17,123.1953125,123.83924502210618,122.12209907344122,123.73192293508849,74244600
2021-05-18,121.80988311767578,123.89777321547987,121.74158792545293,123.4782434793631,63342900
2021-05-19,121.65379333496094,121.87818865261369,119.86835215925528,120.16105011854478,92612000
2021-05-20,124.2099838256836,124.61000384937135,122.05379848438088,122.18063773268084,76857100
2021-05-21,122.37577819824219,124.8831983677244,122.16113401006866,124.70758107227505,79295400
2021-05-24,124.00511932373047,124.82466923282675,122.87336914136405,122.94166434682049,63092900
2021-05-25,123.80998992919922,125.19541862484827,123.24411112700588,124.70758616767343,72009500
2021-05-26,123.76117706298828,124.28802885427459,123.34164734642422,123.86849913771053,56575900
2021-05-27,122.22943115234375,124.5319657543007,122.03430412924318,123.36118872845968,94625600
2021-05-28,121.57573699951172,122.736762785055,121.51720038633076,122.51236002849775,71311100
2021-06-01,121.25376892089844,122.29771402080185,120.92205152635813,122.03429182182089,67637100
2021-06-02,122.01477813720703,122.19039542274523,121.02937706510446,121.25377238108098,59278900
2021-06-03,120.53181457519531,121.8099138277147,120.1317944601695,121.6440550967321,76229200
2021-06-04,122.82456970214844,123.08799935298282,120.83424294183042,121.04888711847525,75169300
2021-06-07,122.83433532714844,123.24410653680496,121.7903901347652,123.09775754946514,71057600
2021-06-08,123.65388488769531,125.33201160333881,123.13679155370112,123.51729447658813,74403800
2021-06-09,124.03437805175781,124.63928371308171,123.43923097435068,124.1124318358548,56877900
2021-06-10,123.03919982910156,125.06855324831824,122.8733411455855,123.92703729774797,71186400
2021-06-11,124.2490234375,124.33683580636276,123.02946096276283,123.44899075181716,53522400
2021-06-14,127.30279541015625,127.36133202248661,123.97583310546236,124.70757053406396,96906500
2021-06-15,126.48323059082031,127.4198608834034,126.23931815795562,126.77592848770462,62746300
2021-06-16,126.9808349609375,127.70282128290683,125.33199905171192,127.19547914078684,91815000
2021-06-17,128.58090209960938,129.32240559947226,126.49301177385304,126.63936820067508,96721700
2021-06-18,127.2833023071289,128.30772287123602,127.06865812161917,127.52721480091387,108953300
2021-06-21,129.0784912109375,129.18581330080102,126.063736441913,127.1271913132279,79663300
2021-06-22,130.7175750732422,130.8151460223462,128.4150406144124,128.91263161271146,74783600
2021-06-23,130.44444274902344,131.04935606120688,129.98588591487695,130.51274541622246,60214200
2021-06-24,130.1614532470703,131.36149842351492,129.69313058879897,131.1761225655203,68711000
2021-06-25,129.86878967285156,130.62979558487248,129.57609165578822,130.2102731739654,70783700
2021-06-28,131.4980926513672,131.95664929646315,130.10292043684166,130.1614570490265,62111300
2021-06-29,133.01039123535156,133.16649883756983,131.0786080414317,131.51764764633526,64556100
2021-06-30,133.62503051757812,134.0640700400228,132.56156070353867,132.8542586809143,63261400
2021-07-01,133.92747497558594,133.98601159157678,132.4542339993765,133.27379128495963,52485800
2021-07-02,136.552001953125,136.59102140885628,134.39580856478537,134.54215013282746,78852600
2021-07-06,138.56179809570312,139.66427232062847,136.65928383502748,136.65928383502748,108181800
2021-07-07,141.04971313476562,141.36191336128311,139.1862182535438,140.04478004189397,104911600
2021-07-08,139.7521209716797,140.55214628534262,137.24469315334258,138.13253828734636,105575500
2021-07-09,141.57659912109375,142.10344367127877,139.17649311255218,139.27406408607257,99890800
2021-07-12,140.9814453125,142.75713571421414,140.49362024221452,142.64981360326175,76299700
2021-07-13,142.09364318847656,143.8693330567253,140.13259235448814,140.52284633857775,100827100
2021-07-14,145.5181884765625,145.9279745686904,144.0839818158266,144.4937679079545,127050800
2021-07-15,144.86448669433594,146.34747864637848,143.50833398770226,145.6059901139749,106820300
2021-07-16,142.82540893554688,146.11334481046933,142.32783277394142,144.84501166670194,93251400
2021-07-19,138.98133850097656,140.56190161268026,138.2203326975493,140.24968646910114,121434600
2021-07-20,142.5912322998047,143.5181116494979,139.47892150687957,139.9667464752501,96350000
2021-07-21,141.8594970703125,142.57173225410514,141.10825732605966,141.9863363279922,74993500
2021-07-22,143.22544860839844,144.5913528979392,142.2595495761402,142.38638886275476,77338200
2021-07-23,144.94256591796875,145.0986734955369,143.34250046599004,143.95716474814094,71447400
2021-07-26,145.36207580566406,146.1816181027515,144.10347916841854,144.65960672609336,72434100
2021-07-27,143.19613647460938,145.57672455410125,142.00584243486344,145.48890475095865,104818600
2021-07-28,141.44973754882812,143.391286472983,139.06914908747908,141.28387882976534,118931200
2021-07-29,142.09364318847656,142.98148812260095,141.0594567321274,141.16677881083731,56699500
2021-07-30,142.30828857421875,142.7668451974614,140.60090132642787,140.8643309559415,70440600
2021-08-02,141.97662353515625,143.3717961975161,141.71319380853052,142.79616614327983,62880000
2021-08-03,143.77174377441406,144.4351784401712,141.64481963694757,142.25948372634215,64786600
2021-08-04,143.37176513671875,144.19130756729243,142.71808142038705,143.68398028393023,56368300
2021-08-05,143.47911071777344,144.2401166546182,142.61078266741262,143.40105691819448,46397700
2021-08-06,142.7950897216797,143.74288917370467,142.296768169296,143.0002897194494,54126800
2021-08-09,142.74623107910156,143.3422697557146,142.18928521610837,142.8537139522462,48908700
2021-08-10,142.26748657226562,144.32919310328901,141.9743500451473,143.0882569205625,69023100
2021-08-11,142.52151489257812,143.36183156118472,142.19906623850963,142.70716850336376,48493500
2021-08-12,145.48220825195312,145.638549753649,142.5020136051408,142.84400877640718,72282600
2021-08-13,145.6873779296875,146.01959236929383,144.87637333214747,145.56034862237908,59375000
2021-08-16,147.66114807128906,147.72955306203514,143.11758362273994,145.14019753721752,103296000
2021-08-17,146.75244140625,148.20832862251999,145.67761233221978,146.79151932278535,92229700
2021-08-18,143.0100555419922,147.27026274921596,142.80485554411644,146.37132185900873,86326000
2021-08-19,143.34230041503906,144.61254875765684,141.19265740190144,141.71052547158095,86960300
2021-08-20,144.7981719970703,145.10107421090675,143.42044104748524,144.0653382889344,60549600
2021-08-23,146.2834014892578,146.75241093803115,144.50505101044897,144.91543614181833,60131800
2021-08-24,146.19544982910156,147.40707372149436,145.73620613091066,146.02934262692168,48606400
2021-08-25,144.9643096923828,146.8794554129226,144.41712946066949,146.3811188443998,58991300
2021-08-26,144.16307067871094,145.70690913613237,144.13375851701343,144.95454377317253,48597200
2021-08-27,145.19882202148438,145.34538283026907,143.46932993010927,144.10444664756716,55802400
2021-08-30,149.61534118652344,149.97688265994054,145.2085727146907,145.58964568755835,90956700
2021-08-31,148.3548583984375,149.30265785841414,147.82720977662575,149.16586282859998,86453100
2021-09-01,149.01931762695312,151.43278500420377,148.85321040744938,149.33200056452,80313700
2021-09-02,150.13323974609375,151.17875665151738,148.9118498525865,150.3482055601146,71115500
2021-09-03,150.76832580566406,151.09077442910467,149.58601418638187,150.24067718201943,57808700
2021-09-07,153.1036376953125,153.66058362239795,150.8562777588282,151.4230043452141,82278300
2021-09-08,151.559814453125,153.4456331023822,150.45567332943037,153.38700877891932,74420200
2021-09-09,150.54364013671875,152.53694188624507,150.42637656824454,151.93113726904932,57305700
2021-09-10,145.5603485107422,151.92134106933233,145.2965241455898,151.45233157203938,140893200
2021-09-13,146.12709045410156,147.954284971399,145.3453979370689,147.18237311566395,102404300
2021-09-14,144.72976684570312,147.61225802171091,143.54747014740659,146.9087364700221,109296300
2021-09-15,145.61895751953125,146.0195769004921,143.01983678244974,145.15971382126716,83281300
2021-09-16,145.38446044921875,145.56034832894838,143.85040265204483,145.0424802595639,68034100
2021-09-17,142.71693420410156,145.41377207009813,142.42379770872697,145.41377207009813,129868800
2021-09-20,139.6683807373047,141.5248874282257,138.03660561412693,140.50869758793672,123478900
2021-09-21,140.14712524414062,141.29035906389458,139.51200859720305,140.6356810985669,75834000
2021-09-22,142.51174926757812,143.0784609405733,140.4109501394529,141.14378392401113,76404300
2021-09-23,143.46934509277344,143.71362307292674,142.30657952171666,143.29345719409983,64838200
2021-09-24,143.55726623535156,144.09468071612673,142.22839356904527,142.32611071447462,53477900
2021-09-27,142.042724609375,142.61923184992318,140.52821338546616,142.14044174425882,74150700
2021-09-28,138.6619415283203,141.43693551030117,138.44697573581755,139.9712677848058,108972300
2021-09-29,139.56088256835938,141.14379894035906,138.77919013309102,139.2091217179658,74602000
2021-09-30,138.2613067626953,141.075393254431,138.04634099404652,140.37187163149707,89056700
2021-10-01,139.38499450683594,139.64881887167329,135.9260252404235,138.65216064526572,94639600
2021-10-04,135.95535278320312,138.95509355251514,135.1052701786628,138.51538125819243,98322000
2021-10-05,137.88023376464844,138.9843747661612,136.17028827499877,136.29731756814027,80861100
2021-10-06,138.7498321533203,138.89639291361067,135.20291265891208,136.2777412661686,83221100
2021-10-07,140.0103302001953,140.9190518423827,139.45338427911526,139.7855986818326,61732700
2021-10-08,139.62925720214844,140.87995899645605,139.2970427994977,140.73339820397527,58773200
2021-10-11,139.54132080078125,141.49554421911762,138.56420909161307,139.01368703802868,64452200
2021-10-12,138.2710723876953,139.97125212650982,137.81182869231796,139.95170571768443,73035900
2021-10-13,137.684814453125,138.16358964828814,136.0139468710265,138.00726310614547,78762700
2021-10-14,140.4695587158203,140.58682224669744,138.27105760850728,138.85733053427336,69907100
2021-10-15,141.52487182617188,141.58349614959462,140.22531132197605,140.4793699361988,67940300
2021-10-18,143.1957244873047,143.47908032380766,139.88331637742027,140.16667221392322,85589200
2021-10-19,145.35513305664062,145.75575243725564,143.1957245202807,143.64518755891186,76378900
2021-10-20,145.8437042236328,146.32249438069462,144.72979735027167,145.29652399244392,58418800
2021-10-21,146.0586700439453,146.21501151275598,144.48551942420278,145.40400691653662,61421000
2021-10-22,145.28671264648438,146.74259925266702,145.23785408913082,146.26382415540198,58883400
2021-10-25,145.2378692626953,145.95115656405432,144.24121124480388,145.27694716693773,50720600
2021-10-26,145.90232849121094,147.38752756365847,145.5994113354405,145.91209424092938,60893400
2021-10-27,145.44308471679688,146.30293288736218,145.09132390307514,145.94140632392705,56094900
2021-10-28,149.0779266357422,149.6641846605071,146.2931525621037,146.39086968766787,100077900
2021-10-29,146.37132263183594,146.5081176612954,143.05891485963772,143.85037288076313,124953200
2021-11-01,145.55055236816406,146.27360541935798,144.41709931929685,145.57986452377787,74588300
2021-11-02,146.58628845214844,148.10081443519022,145.2476354029817,145.25741606122364,69122000
2021-11-03,148.0226287841797,148.4916381367387,146.39085434317073,146.94780015379607,54511500
2021-11-04,147.50479125976562,148.94113176601576,147.192108353955,148.11059575284676,60394600
2021-11-05,148.033203125,148.9334561453401,146.83938576662882,148.6301118041856,65463900
2021-11-08,147.2112579345703,148.3170106437663,146.93726849126057,148.1604409815022,55020900
2021-11-09,147.5732879638672,148.17997664131613,146.83938459031998,146.97637928946335,56787900
2021-11-10,144.74530029296875,146.9078752619248,144.67681041564214,146.80023551358215,65187100
2021-11-11,144.6963653564453,146.22288178403127,144.5104408038777,145.76298280044355,41000000
2021-11-12,146.77090454101562,147.17209373098063,144.3147648635999,145.24437287945577,63804000
2021-11-15,146.7807159423828,148.62037236021212,146.22294205477462,147.14277026368927,59222800
2021-11-16,147.75918579101562,148.23867461686362,146.1348097014568,146.72193826652372,59256200
2021-11-17,150.19580078125,151.67338776419928,147.74945581731131,147.75923582189736,88807000
2021-11-18,154.4817657470703,155.2645990140686,149.7652210699027,150.411059635024,137827700
2021-11-19,157.104248046875,157.5641620110988,153.1705218782956,154.2664794451428,117305600
2021-11-22,157.5641632080078,162.14371301680876,157.54458827093626,158.20998681834752,117467900
2021-11-23,157.94577026367188,158.3273993610191,155.64620074677185,157.6619859753906,96041900
2021-11-24,158.4644317626953,158.66013635871653,156.2137915801923,157.2999692591092,69463600
2021-11-26,153.4445037841797,157.00638063396804,153.00416477836077,156.14527755829806,76959800
2021-11-29,156.8009033203125,157.73051124922804,155.38201155737082,155.9495652762871,88748200
2021-11-30,161.75228881835938,161.96756831221649,156.48775108343634,156.55625589116394,174048100
2021-12-01,161.23365783691406,166.64497001692308,160.99880341826756,163.88548659020162,152052500
2021-12-02,160.24534606933594,160.6759050938818,154.4132690949476,155.33309702351337,136739200
2021-12-03,158.36656188964844,161.41961013164072,156.29206642790317,160.49978216462458,118023100
2021-12-06,161.77186584472656,164.27692006238982,160.75417823673777,160.76395823883925,107497000
2021-12-07,167.50608825683594,167.89751232351225,164.72704457429052,165.45116789916563,120405400
2021-12-08,171.32240295410156,172.18352101189242,167.03640253357247,168.43571937748263,116998900
2021-12-09,170.81353759765625,172.9565375380552,170.18727407030087,171.15603176332104,108923700
2021-12-10,175.5985870361328,175.77473158616564,170.94075296583623,171.4495967498973,115402700
2021-12-13,171.96824645996094,178.22110269969062,171.76274694249355,177.2327699190323,153237000
2021-12-14,170.58848571777344,173.92530298904865,168.51399049049428,171.48873864529648,139380400
2021-12-15,175.4517822265625,175.6474867464271,168.61179951225617,171.35170758425386,131063300
2021-12-16,168.5629119873047,177.2523322197485,167.08532532021002,175.43225135839342,150185800
2021-12-17,167.46694946289062,169.74694420568176,166.0480727156741,166.2829122189755,195432700
2021-12-20,166.10679626464844,166.91898445345717,163.8659512088188,164.66834446331637,107499100
2021-12-21,169.27725219726562,169.48273676499653,165.49030091905374,167.87793543850688,91185900
2021-12-22,171.8704071044922,172.08568665070675,168.45530424072862,169.32620242994054,92135300
2021-12-23,172.49664306640625,173.05441678226669,171.50832525865067,172.07587897729215,68356600
2021-12-27,176.45973205566406,176.54779687853835,173.26970404402934,173.28926405046633,74919600
2021-12-28,175.44203186035156,177.43825729141835,174.69834852343934,176.29336988152778,79144300
2021-12-29,175.53013610839844,176.75330850310786,174.31674371757737,175.48120622634931,62348900
2021-12-30,174.3754119873047,176.6945564474762,174.26777224500728,175.6181590245021,59773000
2021-12-31,173.7589874267578,175.38334904304386,173.45562812611084,174.2678163999058,64062300
2022-01-03,178.1036834716797,178.9550216250589,173.89598231281707,174.01340208653673,104487900
2022-01-04,175.84324645996094,179.01371442958575,175.27569272230144,178.71037008888723,99310400
2022-01-05,171.16580200195312,176.30312460609773,170.89181265756935,175.7551459173302,94537600
2022-01-06,168.3085174560547,171.53769548653034,167.95624321761545,168.99349099432447,96904000
2022-01-07,168.474853515625,170.40257420223315,167.35932100577125,169.17940193566972,86709100
2022-01-10,168.49447631835938,168.7978207376325,164.56074901083835,165.4512222573736,106765600
2022-01-11,171.32240295410156,171.4202477771128,167.15383722500894,168.62164395189677,76138300
2022-01-12,171.76275634765625,173.3773379097134,171.06800280036754,172.3400901249927,74805200
2022-01-13,168.49447631835938,172.829392895493,168.10305212308253,172.00742448237108,84505800
2022-01-14,169.35556030273438,170.05031384521072,167.41804452412237,167.66267899736397,80440800
2022-01-18,166.1557159423828,168.83689986985863,165.77408681023036,167.82900716362772,90956700
2022-01-19,162.66233825683594,167.40825267441707,162.37856885772902,166.35143003303915,94815000
2022-01-20,160.97926330566406,166.0383024176851,160.65634400941124,163.39625309442948,91420500
2022-01-21,158.92434692382812,162.76021377251277,158.81670715554318,160.89120276470334,122848900
2022-01-24,158.15126037597656,158.8166737850042,151.37978119467465,156.58560899416545,162294600
2022-01-25,156.3507843017578,159.26682305990172,153.65002507588994,155.56795099632697,115798400
2022-01-26,156.2626953125,160.86181974023197,154.43283450239605,159.99092174206848,108275300
2022-01-27,155.80279541015625,160.32363543352318,154.88296745549835,158.96346843901696,121954600
2022-01-28,166.67433166503906,166.69390660020625,159.30594382680772,162.15349217595866,179935700
2022-01-31,171.02883911132812,171.24411862639118,165.87194061535732,166.5079991576081,115541600
2022-02-01,170.8624725341797,171.0875320298687,168.61183278338754,170.27534392743365,86213900
2022-02-02,172.0660858154297,172.105235689561,169.6099612749151,170.9994831805343,84914300
2022-02-03,169.18919372558594,172.4575215973305,168.42593537257994,170.7352853699913,89418100
2022-02-04,168.90505981445312,170.580497991328,167.22962163757825,168.20940619823992,82465400
2022-02-07,168.18983459472656,170.43353483823722,167.49418092340588,169.36557317059368,77251200
2022-02-08,171.29574584960938,171.80523803495097,167.96446919200875,168.25840756625686,74829200
2022-02-09,172.71641540527344,173.07893089654075,171.36430797248656,172.49106914991745,71285000
2022-02-10,168.6405487060547,171.9326261093603,168.08207916504224,170.6197181143762,90865900
2022-02-11,165.2308807373047,169.5811269216294,164.64300397443432,168.846288443205,98670700
2022-02-14,165.4660186767578,166.15186486791518,163.19291135712115,163.98653444619794,86185500
2022-02-15,169.29696655273438,169.45373566949445,166.80832036305304,167.5137664381475,62527400
2022-02-16,169.06182861328125,169.83585183660028,166.6123672162483,168.3759824121772,61177400
2022-02-17,165.4660186767578,168.43476465088062,165.06430342539218,167.57254946752525,69589300
2022-02-18,163.91798400878906,167.09247688230448,162.8304223890737,166.38704564955626,82772700
2022-02-22,160.9982147216797,163.3202994694817,158.87206895600934,161.6448612037598,91162800
2022-02-23,156.83412170410156,162.7911986729469,156.52058346872764,162.19352949330056,90009200
2022-02-24,159.4501495361328,159.5579264390306,148.9272576589058,149.49553451506446,141147500
2022-02-25,161.5174560546875,161.78198706491756,157.61790357800902,160.5278642931215,91974200
2022-02-28,161.7820281982422,162.07596656799925,159.1464052349538,159.76367431641097,95056600
2022-03-01,159.90081787109375,163.23209394256236,158.69568719407653,161.37049453342058,83474400
2022-03-02,163.19293212890625,163.97676285442304,159.6559088746692,161.06680119053394,79724800
2022-03-03,162.8695831298828,165.49541352335572,162.203336805619,165.06430592514928,76678400
2022-03-04,159.87142944335938,162.2033212553789,158.82306783943153,161.16475211398938,83737200
2022-03-07,156.07968139648438,161.6840502038395,155.82492784594277,160.05760426701897,96418800
2022-03-08,154.25730895996094,159.58734023748997,152.65046261455836,155.60941665986704,131148300
2022-03-09,159.65591430664062,160.10662184800367,156.18748303740642,158.2156295977199,91454900
2022-03-10,155.31546020507812,157.1476526374479,152.82679892923494,156.96149116992498,105342000
2022-03-11,151.60205078125,156.06007322521145,151.37670453340775,155.71714267170483,96970100
2022-03-14,147.57513427734375,151.0043799732345,147.06565710961667,148.38835719355112,108732100
2022-03-15,151.95477294921875,152.42508026860065,147.33999637401098,147.84947354452075,92964300
2022-03-16,156.36378479003906,156.76549997179433,151.3375011134131,153.875139056129,102300200
2022-03-17,157.37301635742188,157.74533933374323,154.44346962371964,155.40365445965918,75615400
2022-03-18,160.66506958007812,161.15496186500974,156.53037749922927,157.2652159266267,123511700
2022-03-21,162.03677368164062,162.9871658912754,159.71467413165345,160.2045664067095,95811400
2022-03-22,165.4072265625,165.9950882926474,161.5762655771906,162.164127307338,81532000
2022-03-23,166.7691192626953,169.14998832074127,164.26085849061369,164.59399656875675,98062700
2022-03-24,170.55111694335938,170.61969409297694,166.769147690774,167.60195565228418,90131400
2022-03-25,171.1879119873047,171.7365887965073,169.25773574401006,170.36489677350076,80546200
2022-03-28,172.05020141601562,172.17756326235886,168.5229704725063,168.68953207951532,90371900
2022-03-29,175.3422393798828,175.39121664425457,172.7751938429614,173.11812439551318,100589400
2022-03-30,174.17630004882812,175.979099995584,173.12792342578476,174.94053078604693,92633200
2022-03-31,171.0801544189453,174.4310152677539,170.87439311711938,174.24485383998842,103049300
2022-04-01,170.7862548828125,171.3447392929013,168.46417011530542,170.51191638497735,78751300
2022-04-04,174.83277893066406,174.88177115423625,170.91364025013027,171.04101704135246,76468400
2022-04-05,171.5210723876953,174.6955795536943,170.8940109049415,173.9117489626708,73401800
2022-04-06,168.35641479492188,170.12003032879016,166.6907837158408,168.87569951457075,89058800
2022-04-07,168.6601104736328,169.85544881098227,166.41641045043957,167.69992580849703,77594700
2022-04-08,166.6515350341797,168.30737316185164,165.77952746373003,168.30737316185164,76575500
2022-04-11,162.3992462158203,165.61293749392965,162.1543001430966,165.29941429501065,72246700
2022-04-12,164.27069091796875,166.43600652884118,163.2713064320056,164.62341397476007,79265200
2022-04-13,166.95529174804688,167.58235330112555,163.39868377604554,164.00614545081112,70618900
2022-04-14,161.94854736328125,167.80766849456361,161.70360127770223,167.1707997018646,75329400
2022-04-18,161.7330322265625,163.23210129361956,160.2633554980497,160.60627109784113,69023900
2022-04-19,164.01589965820312,164.4274222551572,160.59646173132168,161.68402299396155,67723800
2022-04-20,163.84934997558594,165.46600329408383,162.74220370933205,165.34841899344127,67929800
2022-04-21,163.0557403564453,168.06243992326603,162.55605562621574,165.49540922825548,87227800
2022-04-22,158.5193328857422,164.47642463552896,158.23520194954875,163.0949398073809,84882400
2022-04-25,159.58729553222656,159.87142644375086,155.25665006996203,157.8628653370747,96046400
2022-04-26,153.6302032470703,159.05820246882445,153.55181869779824,158.9700254572649,95623200
2022-04-27,153.4048309326172,156.5597225401136,152.238885254686,152.7581697238,88063200
2022-04-28,160.3319854736328,161.19420088926515,155.71719244720217,156.03073076209745,130216800
2022-04-29,154.46302795410156,162.84018882642286,154.07112011517893,158.568327600733,131747600
2022-05-02,154.7667694091797,155.03130046543404,150.17157761678854,153.54203875876948,123055300
2022-05-03,156.2560272216797,157.46117291588328,153.15991957685017,154.95291204808,88966500
2022-05-04,162.66380310058594,163.11449553252916,156.04045128046997,156.4421664548319,108256500
2022-05-05,153.60081481933594,160.76303686900772,151.8175999162394,160.5376906280676,130525300
2022-05-06,154.32688903808594,156.44633619011688,151.2850890529144,153.08073053124994,116124600
2022-05-09,149.20492553710938,152.90414437032265,148.6456356183626,152.02103374851995,131577900
2022-05-10,151.6089630126953,153.79710400786678,150.05862680351393,152.60000914979375,115366700
2022-05-11,143.74932861328125,152.53128118939546,143.07228159830737,150.61789721596364,142689800
2022-05-12,139.88328552246094,143.45494014257622,136.1938888181264,140.08934914213407,182602000
2022-05-13,144.347900390625,145.31931779066926,140.4230033804494,141.87521108197208,113990900
2022-05-16,142.80734252929688,144.7501769403197,141.4728772141811,142.8171643521235,86643800
2022-05-17,146.43789672851562,146.95794432736452,143.92595034164182,146.06502676243824,78336300
2022-05-18,138.1759490966797,144.5931464578241,137.2732099832936,144.09272768669095,109742900
2022-05-19,134.77110290527344,139.0001753383168,134.0351850116639,137.25359806859987,136095600
2022-05-20,135.00660705566406,138.05821430560903,130.12011571020568,136.47844306099526,137426100
2022-05-23,140.42298889160156,140.5701665253798,135.06549843768857,135.20286921997902,117726300
2022-05-24,137.724609375,139.3043807072169,134.75150167714628,138.1661572066265,104132700
2022-05-25,137.88162231445312,139.12776621000188,135.742545873108,135.8308524536192,92482700
2022-05-26,141.08038330078125,141.62986633656274,134.56505664226245,134.81036263839988,90601500
2022-05-27,146.8303680419922,146.869610416665,142.5326018592053,142.6601657784012,90978500
2022-05-31,146.04541015625,147.831245433681,144.0829617048982,146.27110250820675,103718400
2022-06-01,145.9178466796875,148.8909545900905,144.90717205322113,147.08549081541827,74286600
2022-06-02,148.37088012695312,148.42975116841052,144.10254995382152,145.05433838348728,72348100
2022-06-03,142.65037536621094,145.19174238635256,141.74765092180013,144.14182533230215,88570300
2022-06-06,143.39608764648438,145.78046996633253,142.17936438712687,144.2693764860653,71598400
2022-06-07,145.9178466796875,146.20239508903217,141.39440285018887,141.63970888221743,67808200
2022-06-08,145.1819305419922,147.0560572730291,144.69131847131706,145.79028471849585,53950200
2022-06-09,139.96177673339844,145.17207325562853,139.85384150532468,144.3184132523197,69473000
2022-06-10,134.5552520751953,138.117085018381,134.48655920841233,137.64610169004794,91437900
2022-06-13,129.40382385253906,132.6614796951245,128.9720829038409,130.37522601482007,122207100
2022-06-14,130.26730346679688,131.3760914682962,129.01133784221852,130.63036655754385,84784300
2022-06-15,132.8871307373047,134.76127177017835,129.67853972298153,131.76853621522324,91533000
2022-06-16,127.61799621582031,129.9042500251396,126.61714350302216,129.60007296838003,108123900
2022-06-17,129.08982849121094,130.58129318016776,127.37268647196602,127.62781429709099,134520300
2022-06-21,133.31890869140625,134.48656772231706,130.8167993077871,130.91491273074396,81000500
2022-06-22,132.80865478515625,135.17339289715906,131.39569003815623,132.25915684954347,73409200
2022-06-23,135.67384338378906,135.98782727058793,133.08341268546732,134.2510716127321,72433800
2022-06-24,139.0001983642578,139.24550436943025,137.14568556404583,137.27323450557805,89116800
2022-06-27,139.0001983642578,140.79584011879487,138.32315139441545,140.02066475796738,70207900
2022-06-28,134.85943603515625,140.72715167094702,134.74169394010806,139.46137923230657,67083400
2022-06-29,136.61581420898438,138.02877917366496,134.10388314834785,134.87905849783044,66242400
2022-06-30,134.1529541015625,135.77196780465343,131.2583461315228,134.67300165333307,98964500
2022-07-01,136.3214569091797,136.4293921589786,133.11286488498627,133.48571986150768,71051600
2022-07-05,138.90206909179688,138.95113328697806,134.35899711370092,135.18323666479031,73353800
2022-07-06,140.23654174804688,141.41400763305737,138.43109305954474,138.69602774966668,74064300
2022-07-07,143.6021728515625,143.79841470419998,140.58980726193488,140.59961411426397,66253700
2022-07-08,144.27919006347656,144.7796239540416,142.2774994180926,142.5326123028861,64547800
2022-07-11,142.14996337890625,143.8867346289315,141.0804324564474,142.93494583450993,63141600
2022-07-12,143.12135314941406,145.66272006961017,142.32656399441228,143.02322474684678,77588800
2022-07-13,142.75828552246094,143.700252180436,139.4515504526769,140.30522551606126,71185600
2022-07-14,145.68234252929688,146.1533259024835,140.56035155748177,141.3747693527097,78140700
2022-07-15,147.35040283203125,148.0274497717396,145.41739039952375,146.96772607988603,76259900
2022-07-18,144.3086395263672,148.7241480973096,143.9455764182645,147.9097302753274,81420900
2022-07-19,148.1648406982422,148.3905180514349,144.15163767930207,145.14266864096726,82982400
2022-07-20,150.16653442382812,150.83377461851506,147.5466677906739,148.28258588894056,64823400
2022-07-21,152.4331817626953,152.6490522792443,149.08720372847873,151.59913522400217,65086600
2022-07-22,151.19680786132812,153.3456908921451,150.52958270466215,152.47240210045547,66675400
2022-07-25,150.07821655273438,152.12897123891142,149.42079823109208,151.1183116577891,53623900
2022-07-26,148.75360107421875,150.2156156125121,147.96861868617,149.40119769498725,55138700
2022-07-27,153.8460693359375,154.37593855974973,149.30301343171112,149.7151256211836,78620700
2022-07-28,154.39559936523438,154.68014773185416,151.5107984661639,154.03253631118739,81378700
2022-07-29,159.45872497558594,160.55770616166393,156.50524578988953,158.21258113398608,101786900
2022-08-01,158.47747802734375,160.51842568191043,157.8691239569894,157.9868660422736,67829400
2022-08-02,157.00564575195312,159.36059231885778,156.63279081571793,157.09396729027588,59907000
2022-08-03,163.01077270507812,163.46212742924678,157.73178199101062,157.82008857109244,82507500
2022-08-04,162.69674682617188,164.05084071884252,161.34265293350123,162.89298862903826,55474100
2022-08-05,162.47079467773438,162.96208826310027,160.16170882927858,160.368058732092,56697000
2022-08-08,161.99913024902344,164.88793871959618,161.3407986917232,163.47301089783898,60276900
2022-08-09,162.0482635498047,162.9326009401167,160.40734488370262,161.16394115258205,63135500
2022-08-10,166.29306030273438,166.3913100252121,163.99379489901474,164.76021170255777,70170500
2022-08-11,165.55609130859375,168.0125588424397,165.26131220591463,167.09874512344325,57149200
2022-08-12,169.10325622558594,169.1720295303759,166.4502588992338,166.8629587003345,68039400
2022-08-15,170.17425537109375,170.37076978453467,168.36629877849532,168.53333677957454,54091700
2022-08-16,170.0170440673828,170.6852110892498,168.67090454328755,169.77139729331643,56377100
2022-08-17,171.5105438232422,173.0826738438294,169.56502598846322,169.76154036690085,79542000
2022-08-18,171.11753845214844,171.8544787813878,170.1054749327735,170.72450960712317,62290100
2022-08-19,168.5333251953125,170.71466951867444,168.3269753298755,170.0170261568602,70346300
2022-08-22,164.65211486816406,166.90223255698254,164.22959465128477,166.73519456201245,69026800
2022-08-23,164.31805419921875,165.77229405857466,163.74815182078322,164.1706721156108,54147100
2022-08-24,164.61282348632812,165.1827258305819,163.355113138006,164.4064885816526,53841500
2022-08-25,167.06927490234375,167.17736007756102,165.41853585512217,165.84104108991514,51218200
2022-08-26,160.77088928222656,168.0715189036816,160.71193645776907,167.59988131493301,78961000
2022-08-29,158.56988525390625,160.06340660842702,157.03705202563728,158.34387946257124,73314000
2022-08-30,156.1429443359375,159.72938182049697,154.97366310325177,159.30687649740773,77906200
2022-08-31,154.48236083984375,157.78385443277264,154.40375206464415,157.51855169061037,87991100
2022-09-01,155.20945739746094,155.66143904544523,151.97673759886456,153.91243529158203,74229900
2022-09-02,153.0968780517578,157.56765189981036,152.2715085702032,156.9682732301626,76957800
2022-09-06,151.8391876220703,154.3546082697241,151.01381803326322,153.74540904842692,73714800
2022-09-07,153.24429321289062,153.9419216691413,150.93520749298594,152.1241445003408,87449600
2022-09-08,151.77041625976562,153.63732582875608,150.0213973567108,151.94727474830393,84923800
2022-09-09,154.62969970703125,155.07187581808674,152.0553267593616,152.76279054534643,68028800
2022-09-12,160.58419799804688,161.39974706706778,156.52612358553827,156.81106723949068,104956000
2022-09-13,151.1611785888672,157.7445084078153,150.6993615052029,157.11565333541313,122656600
2022-09-14,152.6055908203125,154.3644300184662,150.9351958505273,152.0946413613245,87965400
2022-09-15,149.71678161621094,152.5368165999088,148.74403004784534,151.9570788549336,90481100
2022-09-16,148.0758514404297,148.71454195841454,145.7864220311532,148.57698038414023,162278800
2022-09-19,151.79005432128906,151.86866309017464,146.50374580326707,146.71008070263835,81474200
2022-09-20,154.1678924560547,155.32735289857166,150.41441795742156,150.72883799724963,107689800
2022-09-21,151.04327392578125,155.9758648340084,150.92536828428254,154.600234046477,101696800
2022-09-22,150.0803680419922,151.78023962875704,148.28223174210513,149.7266360650785,86652500
2022-09-23,147.81057739257812,148.83247642204518,145.97314422465584,148.55735322020942,96029900
2022-09-26,148.1446533203125,151.09241446222893,147.03432515906897,147.05398109807987,93339400
2022-09-27,149.117431640625,152.0258964191408,147.33895116498724,150.08037791467922,84442700
2022-09-28,147.2308349609375,148.01690757279204,142.31789987820665,145.06914652315353,146691400
2022-09-29,139.9989776611328,144.16515152497595,138.2303182381293,143.55595244325275,128138200
2022-09-30,135.7935333251953,140.60821907927374,135.59701890511008,138.8199033723931,124925300
2022-10-03,139.96951293945312,140.57872706512543,135.2924042908768,135.80335372086685,114311700
2022-10-04,143.5559844970703,143.67389015390162,141.74801279814906,142.50460908002574,87830100
2022-10-05,143.85072326660156,144.8136692711772,140.51975411083046,141.56130887045842,79471000
2022-10-06,142.89764404296875,144.9709035584296,142.69130913468942,143.2710319630231,68402200
2022-10-07,137.650634765625,140.60823177983056,137.0217795686969,140.05797036356424,85925600
2022-10-10,137.97488403320312,139.41928832461434,136.15710682488464,137.97488403320312,74899000
2022-10-11,136.55995178222656,138.88869341854974,135.8131909792421,137.46393012049913,77033700
2022-10-12,135.9310760498047,137.9159059012539,135.7542175942047,136.70732814205923,70433700
2022-10-13,140.50013732910156,141.08968060374895,132.03022618093473,132.6394403890868,113224000
2022-10-14,135.9703826904297,142.00346577520415,135.78368877686898,141.79711592519322,88598000
2022-10-17,139.93019104003906,140.41164898077844,137.82745586892307,138.6135283145828,85250900
2022-10-18,141.24684143066406,144.14546926488532,138.1615197201802,142.95654772618704,99136600
2022-10-19,141.35498046875,142.42599680685538,139.03607431855443,139.22276826600364,61758300
2022-10-20,140.8931427001953,143.34961008460004,140.16602295690015,140.52959032509128,64522000
2022-10-21,144.70559692382812,145.27549920361895,140.1660346242772,140.38220497154572,86548600
2022-10-24,146.84764099121094,147.61405773965313,143.45771845108737,144.62699951406933,75981900
2022-10-25,149.6873016357422,149.83469868322362,146.75919654145045,147.47648086131204,74732300
2022-10-26,146.7493896484375,149.3434189974195,145.46218795090752,148.33135548203074,88194300
2022-10-27,142.2786102294922,146.45460526216635,141.6202786941001,145.49167413504986,109180200
2022-10-28,153.0281219482422,154.75746986477446,145.24603383421282,145.619406740808,164762400
2022-10-31,150.66990661621094,151.55424402730603,149.27463469355658,150.49304812984573,97943200
2022-11-01,148.0267333984375,152.74315424703352,146.5332118743015,152.3796018355527,80379300
2022-11-02,142.50460815429688,149.5202795588878,142.47513174028055,146.35634784769096,93604600
2022-11-03,136.46170043945312,140.31344004952294,136.33395931941936,139.58632020230726,97918500
2022-11-04,136.19593811035156,140.41822196260875,132.25907054843208,139.84737436397546,140814800
2022-11-07,136.72740173339844,136.95376740177366,133.52869700052665,134.94597165427223,83374600
2022-11-08,137.2982940673828,139.1978259809836,135.3200229786847,138.19393528890745,89908500
2022-11-09,132.74131774902344,136.3632434570898,132.4657382407741,136.3140296124831,74917800
2022-11-10,144.5519561767578,144.5519561767578,137.2982811810409,139.0108242882595,118854000
2022-11-11,147.3372802734375,147.64238513720315,142.0914019190675,143.5185285677149,93979700
2022-11-14,145.93968200683594,147.9081158240503,145.10309162733654,146.6187940766482,73374100
2022-11-15,147.6719207763672,151.16589433590542,146.2152837355369,149.81752177217496,89868300
2022-11-16,146.44166564941406,147.5046219917799,144.96533989912186,146.7763108997982,64218300
2022-11-17,148.34120178222656,149.08920136807347,143.84332244877638,144.1189020339811,80389400
2022-11-18,148.90219116210938,150.2899408094876,147.60303246304494,149.9060967599958,74829600
2022-11-21,145.67396545410156,147.99671837716943,145.3885491071394,147.79004119922186,58724100
2022-11-22,147.80970764160156,148.04592513732047,144.6110022662971,145.7920747269315,51804100
2022-11-23,148.68568420410156,149.4336837921187,146.98297781162248,147.09124229312135,58301400
2022-11-25,145.77236938476562,146.53022062215993,144.79798922240155,145.96920976620405,35195900
2022-11-28,141.94378662109375,144.32559012136235,141.11704788902577,142.8492645206864,69246000
2022-11-29,138.94192504882812,142.52447466230237,138.13487484288268,142.01267756953146,83763800
2022-11-30,145.69361877441406,146.37273080225066,138.33168095809938,139.16825626793215,111380900
2022-12-01,145.96920776367188,146.77627283984336,144.29604201746156,145.870795083282,71250400
2022-12-02,145.4771270751953,145.66413072697534,143.35121453595042,143.6563344518848,65447400
2022-12-05,144.31576538085938,148.5380503426706,143.46933803189978,145.43777233013495,68826400
2022-12-06,140.65443420410156,144.97514559227898,139.68005411221395,144.74877992089566,64727200
2022-12-07,138.71556091308594,141.10720126498546,137.79039443330282,139.9458322919547,69721100
2022-12-08,140.3985595703125,141.25483863673134,138.87303512029186,140.11314322681335,62128300
2022-12-09,139.9163360595703,143.2725206829619,138.67621264043652,140.09348796632412,76097000
2022-12-12,142.2095489501953,142.2193857157506,138.83367613735973,140.44779174822483,70462700
2022-12-13,143.174072265625,147.60304951034107,141.96348935709867,147.14046624112265,93886200
2022-12-14,140.94972229003906,144.3452679150581,138.9320744491566,143.05594605605327,82291200
2022-12-15,134.34561157226562,139.5619643292127,133.88302841156911,138.88285224146853,98931900
2022-12-16,132.38702392578125,135.47746472052233,131.61933586337778,134.5326248058533,160156900
2022-12-19,130.2808074951172,133.06614357854048,129.24739159594094,132.9775676474043,79592600
2022-12-20,130.21192932128906,131.146932591331,127.8399624333377,129.31628812854967,77432800
2022-12-21,133.3122100830078,134.6507460089221,130.65482677922608,130.881192518899,85928000
2022-12-22,130.1429901123047,132.43621717922085,128.24345879689446,132.2295400503929,77852100
2022-12-23,129.77886962890625,130.3300288114699,127.5939064280565,128.85370313619094,63814900
2022-12-27,127.97774505615234,129.33596942535033,126.68842309082302,129.30644411453827,69007800
2022-12-28,124.05072021484375,128.9619612841453,123.883405115354,127.62342547026658,85438400
2022-12-29,127.56439971923828,128.42066393002503,125.71407397294763,125.96996505418089,75703700
2022-12-30,127.87930297851562,127.89899152283257,125.41876807644428,126.38330400552722,77034200
2023-01-03,123.09601593017578,128.83399514878522,122.21021915687207,128.2237854341601,112117500
2023-01-04,124.36565399169922,126.62935597280962,123.10585750129947,124.88728777203856,89113600
2023-01-05,123.04679870605469,125.7533952948206,122.79090770776376,125.12349705306252,80962700
2023-01-06,127.57421112060547,128.2336347517989,122.91886860960567,124.02119442530204,87754700
2023-01-09,128.09584045410156,131.30439758356596,127.83994943275363,128.41079711233908,70790800
2023-01-10,128.66668701171875,129.18832083166095,126.09787998496417,128.20410381019116,63896200
2023-01-11,131.3831787109375,131.40285224489088,128.40100135883102,129.17852645300553,69458900
2023-01-12,131.3043975830078,132.14097304777255,129.36548883237654,131.76698078856714,71379600
2023-01-13,132.63307189941406,132.7905502170586,129.58200833933589,129.94616380817476,57809700
2023-01-17,133.79449462890625,135.12317889828967,132.0130638191195,132.70201288672166,63646600
2023-01-18,133.0760040283203,136.42233624485746,132.898837136548,134.6605941996835,69672800
2023-01-19,133.13502502441406,134.09955338686564,131.65869966602656,131.96380450388668,58280400
2023-01-20,135.69398498535156,135.84162653742413,132.1015991542997,133.14486670992753,80223600
2023-01-23,138.8828887939453,141.05801539977267,135.72354499448727,135.94007397852303,81760300
2023-01-24,140.28045654296875,140.90051809732327,138.0856567013407,138.0954934654877,66435100
2023-01-25,139.62103271484375,140.18202862963406,136.61916767862735,138.6663409653264,65799300
2023-01-26,141.68789672851562,141.9733130723702,139.66039693887691,140.91035682918778,54105100
2023-01-27,143.6267852783203,144.9062704324847,140.82177572822627,140.90051489349364,70555800
2023-01-30,140.74302673339844,143.2527830109075,140.59540019505755,142.67209860282117,64015300
2023-01-31,142.01266479492188,142.06187864867766,140.03439402480078,140.4477633640219,65874500
2023-02-01,143.1346893310547,144.29607334830789,139.08957136310852,141.69774073810188,77663600
2023-02-02,148.43960571289062,148.7939093931277,145.831421817907,146.5498959772077,118339000
2023-02-03,152.06150817871094,154.89605760293438,145.4967833818238,145.69362375451536,154357300
2023-02-06,149.3352508544922,150.6836384438328,148.40024764766747,150.1620046015634,69858300
2023-02-07,152.2091827392578,152.780030512787,148.26247720570987,148.26247720570987,83322600
2023-02-08,149.52223205566406,152.14025265616812,148.78406936876726,151.45130381865607,64120100
2023-02-09,148.48880004882812,151.89419715713953,148.04590544398496,151.3528748543498,56007100
2023-02-10,148.8535614013672,149.17885078358248,147.08912934244577,147.32570754066396,57450700
2023-02-13,151.65301513671875,152.05714887131725,148.76484796074135,148.7944183549585,62199000
2023-02-14,151.0122833251953,151.57415087909246,148.70570240485208,149.94770404483108,61707600
2023-02-15,153.11184692382812,153.27941747242824,150.69683660205456,150.92354792770303,65573800
2023-02-16,151.5149688720703,154.09754945424802,151.16010920849044,151.31781291605773,68167900
2023-02-17,150.37155151367188,150.81512239489066,148.69583093968438,150.17441057100683,59144100
2023-02-21,146.3596954345703,149.13943294111823,146.29070285864162,148.05513496887053,58867200
2023-02-22,146.78350830078125,147.80865006019064,145.05849901188733,146.74407109413818,51011300
2023-02-23,147.2665252685547,148.1931042440918,145.1373820304515,147.94667430552937,48394200
2023-02-24,144.6149444580078,145.0880857046954,143.6390765358812,145.0092263234326,55469600
2023-02-27,145.80764770507812,147.03979725813033,145.34435826985944,145.60065500306268,44998500
2023-02-28,145.304931640625,146.9510815880518,144.7332124606566,144.95007197860627,50547000
2023-03-01,143.2349395751953,145.1275197577975,142.93922063146897,144.73323786008925,55479000
2023-03-02,143.8263702392578,144.61494903595985,141.84506394442167,142.31822024697658,52238100
2023-03-03,148.8732452392578,148.95210462024477,145.2260853537234,145.9259379185379,70732300
2023-03-06,151.63327026367188,154.06799923846452,151.26855877090114,151.59383305095145,87558000
2023-03-07,149.4351043701172,151.83039589059405,148.9718149331636,151.50510660246357,56182000
2023-03-08,150.68701171875,151.2784497356249,149.66186953584628,150.62787092524124,47204800
2023-03-09,148.4395294189453,152.33311931510104,148.08466971716794,151.36711819838627,53833600
2023-03-10,146.37936401367188,148.7845223003039,145.50207415084836,148.06495118697146,68572400
2023-03-13,148.3212432861328,150.95311305935627,145.59079552733544,145.69922529511118,84457100
2023-03-14,150.41099548339844,151.20942619347872,147.95656256587642,149.11970482478546,73695900
2023-03-15,150.80526733398438,151.06154904978908,147.7791005346977,149.03096880678774,77167900
2023-03-16,153.62440490722656,154.22569446185167,149.4745187940127,149.98709719489494,76161100
2023-03-17,152.7865753173828,154.50173325502132,152.07685582876627,153.85115455030763,98944600
2023-03-20,155.1522979736328,155.56631354554972,151.94870846939224,152.85558396503848,73641400
2023-03-21,157.0054473876953,157.1237289497417,154.3045697408097,155.07344501678244,73938300
2023-03-22,155.57615661621094,159.82460651427928,155.5564380089166,157.0251659140942,75701800
2023-03-23,156.660400390625,159.24299583165927,155.42825095683142,156.56183746045352,67622100
2023-03-24,157.9615936279297,158.0503047976887,155.59587218901564,156.5914437450547,59196500
2023-03-27,156.0196990966797,158.47414634705046,155.615550445655,157.65599726359355,52390300
2023-03-28,155.39869689941406,156.22671283698608,153.75254688783264,155.71413440722972,45992200
2023-03-29,158.47418212890625,158.75018247951246,157.07446176772007,157.09416533498404,51305700
2023-03-30,160.04147338867188,160.14990317241256,158.96704237580855,159.22332411879057,49501700
2023-03-31,162.54518127441406,162.64375926608275,159.59788883873148,160.120319104618,68749800
2023-04-03,163.79701232910156,163.91529385949798,161.87486225572792,161.92415124035523,56976200
2023-04-04,163.26473999023438,164.45745226747852,162.7521615936014,164.22088919279193,46278300
2023-04-05,161.42147827148438,162.69306530915642,159.48947577581393,162.38749456021097,51511700
2023-04-06,162.30860900878906,162.60432792623257,159.68659100348637,160.1104432538072,45390100
2023-04-10,159.71620178222656,159.71620178222656,157.794050894079,159.11491201302218,47716900
2023-04-11,158.5037384033203,160.04145880285023,158.21787125365222,160.03160702009572,47644200
2023-04-12,157.81375122070312,159.74575366976245,157.49831365463328,158.9177526201656,50133100
2023-04-13,163.1957244873047,163.4323025914085,159.11484619705487,159.32185391825652,68445600
2023-04-14,162.8507537841797,163.9449032227771,161.48060404043056,162.23959735915352,49386500
2023-04-17,162.8704833984375,163.02820218114718,161.6876226098968,162.73248322378927,41516200
2023-04-18,164.0927734375,165.01935243982652,163.2844759960185,163.72806193096773,49923000
2023-04-19,165.23622131347656,165.75865162452376,163.1760554202755,163.43235220441335,47720200
2023-04-20,164.27020263671875,165.47278202514906,163.19577163848064,163.71820194187683,52456400
2023-04-21,162.66348266601562,164.07305473489896,162.14105238473394,162.69305305620966,58337300
2023-04-24,162.96905517578125,163.23520373133107,161.54961626736943,162.643765839196,41949600
2023-04-25,161.43133544921875,163.93505711689548,161.3918982344198,162.83105575677226,48714100
2023-04-26,161.42147827148438,162.91977666468185,160.47519563222698,160.73147738017352,45498800
2023-04-27,166.0050811767578,166.15293313578908,162.8310621018307,162.8310621018307,64902300
2023-04-28,167.25692749023438,167.424513091262,165.4826438930684,166.08393356927388,55275900
2023-05-01,167.16822814941406,168.01594783420873,166.23179728666088,166.8626573980738,52472900
2023-05-02,166.13319396972656,167.91735928630777,165.14747425578494,167.6610625345139,48425700
2023-05-03,165.05877685546875,168.47922575134587,164.77292473257992,167.07950544573387,65136000
2023-05-04,163.4224853515625,164.6546351492701,161.9636242025262,162.53534351356944,81235400
2023-05-05,171.0913848876953,171.8109560965244,168.32149974515366,168.5383592942621,113453200
2023-05-08,171.0223846435547,171.36739258858663,169.65223472844943,170.0169462399646,55962800
2023-05-09,169.3170928955078,171.06180609803263,169.14952233576255,170.57881302608763,45326900
2023-05-10,171.08151245117188,171.54480192353225,169.44521410372417,170.5492304195713,53724500
2023-05-11,171.26878356933594,172.0967844383617,169.71134476851833,171.36736154745756,49514700
2023-05-12,170.34095764160156,171.8117019924622,168.79122976444327,171.3773829679925,45533100
2023-05-15,169.84739685058594,170.97267098611968,169.25514096380277,170.9233138186056,37266700
2023-05-16,169.84739685058594,170.9035679392614,169.58088019536424,169.768428394902,42110300
2023-05-17,170.45941162109375,170.69630196545663,168.21872838992437,169.4920742376562,57951600
2023-05-18,172.78892517089844,172.97647339745131,170.35082834910114,170.76540150488879,65496700
2023-05-19,172.8975372314453,174.11164563319517,172.68037767188707,174.11164563319517,55809500
2023-05-22,171.9498748779297,172.4532969038887,171.20956254487746,171.73271538863227,43570900
2023-05-23,169.34402465820312,171.14052366482818,169.06764251282962,170.89375281633775,50747300
2023-05-24,169.62037658691406,170.19288666082696,168.317434571077,168.88006417332414,45143500
2023-05-25,170.75552368164062,171.65375792303627,169.47231254318322,170.18301363335365,56058300
2023-05-26,173.1639862060547,173.49960591702484,170.87396117733175,171.08125526170468,54835000
2023-05-30,175.00985717773438,176.67803022234617,174.28929064745816,174.6742524991613,55964400
2023-05-31,174.96051025390625,177.03339115324283,174.47683402760893,175.03947872320146,99625300
2023-06-01,177.7637939453125,177.79340523372372,174.64460769798924,175.40466591116137,68901800
2023-06-02,178.6127166748047,179.43199760539318,176.94454352013497,178.69168514468382,61996900
2023-06-05,177.26043701171875,182.56106999711636,175.7403201563272,180.2710443640357,121946500
2023-06-06,176.89520263671875,177.79343698174293,175.13818052764557,177.64538051324874,64848400
2023-06-07,175.5231170654297,178.86932803839457,175.0295755351299,176.13510374325992,61944600
2023-06-08,178.2376251220703,178.50412674833163,175.1677956906412,175.60209965770608,50214900
2023-06-09,178.62255859375,179.87614324556046,178.29681937394096,179.15557682326966,48900000
2023-06-12,181.41603088378906,181.51474523727245,178.63246384356634,178.92859184232086,54274900
2023-06-13,180.94223022460938,181.77137654932005,180.08347260699438,180.43882318354116,54929100
2023-06-14,181.5739288330078,182.00824779635482,179.66886572578127,181.00141884147698,57462900
2023-06-15,183.60733032226562,184.11075236554325,181.40613912687283,181.58382192499832,65433200
2023-06-16,182.5314483642578,184.57471809579366,181.8898502216663,184.31806678939995,101256200
2023-06-20,182.62025451660156,183.69618663444365,182.02801364300083,182.02801364300083,49799100
2023-06-21,181.58383178710938,183.015099412311,180.23151756348105,182.51167734169172,49515700
2023-06-22,184.5845489501953,184.63390612000734,181.29756025506936,181.3666633051449,51245300
2023-06-23,184.26870727539062,185.13734541827677,182.62027993546528,183.1533133637622,53117000
2023-06-26,182.87692260742188,185.62101290744985,182.83743084186574,184.41677010681076,48088700
2023-06-27,185.630859375,185.9565986299679,183.27173119056016,183.48889069387212,50730800
2023-06-28,186.80548095703125,187.4470789620611,185.17679982937508,185.5025240055518,51216800
2023-06-29,187.14108276367188,187.61489349976054,186.49948476837957,186.6376758009822,46347300
2023-06-30,191.46450805664062,191.96791501002735,188.78950625721086,189.15473724224137,85213200
2023-07-03,189.97402954101562,191.37568580561538,189.28305928715224,191.27697146600818,31458200
2023-07-05,188.858642578125,190.48732393792235,188.15780683402295,189.09554798353173,46920300
2023-07-06,189.3323974609375,189.5396915286371,186.75611009728527,187.38784264698543,45094300
2023-07-07,188.21701049804688,190.1813114167851,187.7827065576724,188.9375920522482,46815000
2023-07-10,186.1737518310547,187.53593138541007,184.62402407003376,186.8153498480431,59922200
2023-07-11,185.65060424804688,186.85484691926047,184.18972537508213,186.71665587805697,46638100
2023-07-12,187.31878662109375,189.22385000348103,186.03557542450565,187.22993768452707,60750200
2023-07-13,188.0788116455078,188.72042471252908,187.32863389417258,188.0393349477294,41342300
2023-07-14,188.2269287109375,188.71058991883484,187.18062275708184,187.77286373726778,41616200
2023-07-17,191.4842987060547,191.81003800912126,189.3324492359564,189.4212831199665,50520200
2023-07-18,191.22763061523438,191.8198865800326,189.93455398917624,190.85254922844402,48288200
2023-07-19,192.5799102783203,195.66947000209956,190.16154474141445,190.60574416603285,80507300
2023-07-20,190.6353759765625,193.93223012421538,190.01350876450033,192.57005054034346,59581200
2023-07-21,189.46075439453125,192.45161532627134,188.75991868585442,191.59285775033445,71951700
2023-07-24,190.26028442382812,192.3923877240068,189.76674282999198,190.9117629424984,45377800
2023-07-25,191.11903381347656,191.92844922240585,190.4280786239598,190.83278632842445,37283200
2023-07-26,191.98768615722656,193.11296042478057,190.8229351880455,191.1684052777898,47471900
2023-07-27,190.72421264648438,194.65279947329122,190.06286872536143,193.48804855415668,47460200
2023-07-28,193.3004913330078,194.0901608500724,191.63231843190331,192.15547128634879,48291400
2023-07-31,193.9124755859375,193.9519673452193,192.7378442652397,193.52751377225187,38824100
2023-08-01,193.08334350585938,194.1888718595327,192.75760424557473,193.7052107356477,35175100
2023-08-02,190.09246826171875,192.65887532596588,189.37190180440743,192.52068429221174,50389300
2023-08-03,188.70066833496094,189.8851650044284,188.22687267951244,189.095510599245,61235200
2023-08-04,179.63926696777344,184.9596445164711,179.57016391801557,183.12366926443607,115956800
2023-08-07,176.53982543945312,180.76454006954836,175.05920073091434,179.7774569305225,97576100
2023-08-08,177.4775390625,177.9414693105031,175.2862134413724,177.36895932229305,67823000
2023-08-09,175.88836669921875,178.59296516430098,174.72360063232372,178.53374257918168,60378500
2023-08-10,175.6712188720703,178.41530928434332,175.30600286506225,177.1617092563292,54686900
2023-08-11,175.7305145263672,176.55090180538758,174.50488805624465,175.26597277471524,52036700
2023-08-14,177.38116455078125,177.60849603671858,175.2560608313475,175.90841909398483,43675600
2023-08-15,175.3944549560547,177.40093867304276,174.99909450146933,176.80789799116474,43622600
2023-08-16,174.52464294433594,176.47180884084688,174.45544657600635,175.07815356283987,46964900
2023-08-17,171.9844207763672,175.4537562487029,171.47044012349116,175.08804707675128,66062900
2023-08-18,172.46875,173.0716844916875,169.96805819399307,170.30411608587545,61172200
2023-08-21,173.80308532714844,174.08973444525807,171.7274205434044,173.0420157807921,46311900
2023-08-22,175.17698669433594,175.62177093693052,174.2083431088137,175.00895776189057,42038900
2023-08-23,179.0219268798828,179.44695366375947,176.264252478764,176.45205395893973,52722800
2023-08-24,174.3368377685547,179.0021629998802,173.97111355320405,178.57713623123834,54945800
2023-08-25,176.54100036621094,177.07473842454561,173.78332608108835,175.3252527852027,51449600
2023-08-28,178.1027069091797,178.49806733287568,176.48170504077262,178.003859262239,43820700
2023-08-29,181.98716735839844,182.75813070921157,177.4206898063463,177.61837000977968,53003900
2023-08-30,185.47628784179688,185.67398314097,182.6000082560471,182.7976884731864,60813900
2023-08-31,185.69375610351562,186.92927641629686,185.3082743692093,185.6641048225717,60794500
2023-09-01,187.2653350830078,187.7199980774023,186.09899615427736,187.29498636168424,45766500
2023-09-05,187.50253295898438,187.77928826308653,185.4367469097816,186.09898389331408,45280000
2023-09-06,180.7912139892578,186.66240873519862,179.36789222272253,186.21760937163043,81755800
2023-09-07,175.50318908691406,176.14566870650594,171.5297514902668,173.15075355684382,112488800
2023-09-08,176.115966796875,178.15211655476327,175.7304851357375,176.2840107997074,65551300
2023-09-11,177.2823028564453,178.21141635408188,175.2856982178241,177.98408488615974,58953100
2023-09-12,174.2577667236328,178.043402311121,172.79491507430095,177.4108165912451,90370200
2023-09-13,172.1919708251953,175.24617287306006,171.96462426919445,174.46531572894506,84267900
2023-09-14,173.7042694091797,174.06009984649242,171.5692867853032,171.98441978182902,60895800
2023-09-15,172.98268127441406,174.45542656560403,171.80647888602266,174.4356540223445,109259500
2023-09-18,175.90843200683594,177.3021024660386,174.12927983360214,174.4356864419302,67257600
2023-09-19,176.9956817626953,177.54919237650395,175.07815207769175,175.46363376102514,51826900
2023-09-20,173.45713806152344,177.61836118650515,173.36816915467014,177.18345571133617,58436200
2023-09-21,171.9152069091797,174.25776334751873,171.846025624082,172.5280351536478,63149100
2023-09-22,172.76522827148438,175.02870938713053,172.03381007438438,172.64662317617766,56725400
2023-09-25,174.04031372070312,174.92000347180993,172.13266274999066,172.1820865728236,46172700
2023-09-26,169.96804809570312,173.1705067749598,169.67152023376326,172.7949188930673,64588900
2023-09-27,168.45578002929688,171.03554713361237,167.09177581326995,170.62041410420977,66921800
2023-09-28,168.7127685546875,170.03724268196555,165.6783234920371,167.37840061261642,56294400
2023-09-29,169.2267303466797,171.06518493104676,168.36679806748614,170.02734498983367,51861100
2023-10-02,171.7373046875,172.28093658205415,168.9499639274405,169.23661305458424,52164500
2023-10-03,170.4029083251953,171.61867083541966,168.84122435442626,170.2645306917589,49594600
2023-10-04,171.64834594726562,172.19197782627828,168.98950418793981,169.10810929534875,53020300
2023-10-05,172.88385009765625,173.4175881136583,170.6796715086417,171.77681389678688,48527900
2023-10-06,175.43399047851562,175.92819856079907,171.17390414032383,171.78673241813826,57266700
2023-10-09,176.91659545898438,176.97589800927489,173.76354582426052,174.7618406122257,42390800
2023-10-10,176.3235321044922,177.63812721273464,175.88862664528037,176.0368980965743,43698000
2023-10-11,177.7172088623047,177.76663268122664,175.5426965680271,176.13573714899445,47551100
2023-10-12,178.61666870117188,180.2277765858699,176.96600064702005,177.98408304070654,56743100
2023-10-13,176.77822875976562,179.82253713140665,176.07644667980117,179.31845034069394,51427100
2023-10-16,176.6497344970703,177.0055649122618,174.46532818230494,174.70255348644375,52517000
2023-10-17,175.097900390625,176.35319301979084,172.7751316803463,174.60369235668924,57549400
2023-10-18,173.80308532714844,175.52293478970745,173.08154578913502,173.54610256783715,54764400
2023-10-19,173.42747497558594,175.77989475883368,173.16059843726526,174.0007429734141,59302900
2023-10-20,170.87738037109375,173.38795063159753,170.64015507731645,173.2792242572037,64244000
2023-10-23,170.9960174560547,171.99431247525374,167.961572219047,168.93023103826835,55980100
2023-10-24,171.43089294433594,171.65822442721412,169.4639394511676,171.045411263789,43816600
2023-10-25,169.11801147460938,171.0552987076063,168.67321213575732,169.88897487497013,57157000
2023-10-26,164.95677185058594,169.39476582537458,163.75090293239452,168.3964558542296,70625300
2023-10-27,166.2713623046875,167.00279566914165,164.89746448966903,164.97653958977486,58499100
2023-10-30,168.3173828125,169.18719386762373,166.91383366211736,167.06210513671374,51131000
2023-10-31,168.7918243408203,168.92030818010912,165.9550598323106,167.38827526603964,44846000
2023-11-01,171.95477294921875,172.21175573979943,168.1493644262673,169.01917553597846,56934900
2023-11-02,175.5130615234375,175.7206204672586,173.42750286114074,173.4868054165182,77334800
2023-11-03,174.60369873046875,174.77174274032964,171.34193765305042,172.22162738228718,79829200
2023-11-06,177.15382385253906,177.35150406781844,174.16881791314302,174.33684685023218,63841300
2023-11-07,179.71383666992188,180.32664987384885,176.89684453064555,177.10440348202485,70530000
2023-11-08,180.7714080810547,181.32491864766183,179.48646421884135,180.23767005812115,49340300
2023-11-09,180.2969970703125,181.98718027395728,179.70394133589065,180.8406289798602,53763500
2023-11-10,184.48348999023438,184.65175539538808,181.6430032262288,182.07848170612579,66133400
2023-11-13,182.8999481201172,184.11729742228064,182.31601793716675,183.9094650326421,43627500
2023-11-14,185.51278686523438,186.17589626502485,184.38450869065176,185.7701081675421,60108400
2023-11-15,186.07691955566406,187.55160515956638,185.84928859059917,185.91857611582427,53790500
2023-11-16,187.7594757080078,188.9966236513369,186.7103615664657,187.6209157424311,54412900
2023-11-17,187.7396697998047,188.42257785422723,186.63119011836693,188.29390964052354,50922700
2023-11-20,189.4815673828125,189.93684445013852,187.92771748948175,187.93760923589429,46505100
2023-11-21,188.67990112304688,189.55085808280586,187.78916067013205,189.44198846283598,38134500
2023-11-22,189.343017578125,190.94635649331246,188.8679569924961,189.52117473642568,39617700
2023-11-24,188.01678466796875,188.93721542830764,187.30418629136327,188.9075250877743,24048300
2023-11-27,187.838623046875,188.7095799535061,186.95777439426936,187.9672912540552,40552600
2023-11-28,188.44232177734375,189.11533794396775,187.45260366905538,187.8287013828129,38415400
2023-11-29,187.42295837402344,190.11499348364924,187.02707707633283,188.93722623545,43014200
2023-11-30,187.99700927734375,188.36321535895866,186.2551103094808,187.88813964798328,48794400
2023-12-01,189.2737274169922,189.59042941044567,187.2843840288066,188.37308016671426,45704800
2023-12-04,187.48233032226562,188.09596593756666,185.52269231677565,188.02667840765253,43389500
2023-12-05,191.4313201904297,192.40123993854135,188.22462732075607,188.25433276481266,66628400
2023-12-06,190.34263610839844,192.75753614335477,190.1347886146608,192.45072587794942,41089700
2023-12-07,192.2725830078125,192.99507315570867,191.59956669458757,191.63916388460834,47477700
2023-12-08,193.69776916503906,193.97488907234165,191.67873543823174,192.2032849129047,53406400
2023-12-11,191.1937713623047,191.5005967167582,189.4518726145205,191.12449893522992,60943700
2023-12-12,192.7080535888672,192.71794533501543,189.748790485074,191.09480795445688,52696900
2023-12-13,195.9246368408203,195.96421892707963,192.8466123940007,193.08413511536142,70404200
2023-12-14,196.07310485839844,197.567574144968,194.14315707722483,195.98403383047588,66831600
2023-12-15,195.53863525390625,196.36008808380646,194.97448862167192,195.49903806818725,128538400
2023-12-18,193.8759307861328,194.6083278162061,192.39135323196817,194.07387143964067,55751900
2023-12-19,194.91514587402344,194.9250376214273,193.87593852424982,194.14316672319833,40714100
2023-12-20,192.8268280029297,195.6475162401682,192.8268280029297,194.87553713507947,52242800
2023-12-21,192.6783447265625,195.0536776254948,191.51048442189503,194.08375795359612,46482500
2023-12-22,191.60946655273438,193.40085423729087,190.98593919883143,193.17320815773428,37149600
2023-12-26,191.0651397705078,191.8964996004414,190.84740051477698,191.6193796571302,28919300
2023-12-27,191.1640625,191.51046990751823,189.12524544338694,190.51085997155874,48087700
2023-12-28,191.5896759033203,192.65857351066379,191.18388776405135,192.14391575114956,34049900
2023-12-29,190.55047607421875,192.40124458871406,189.75869835988954,191.90638540499626,42672100
